# gemmi 0.7.5: number	hm	xhm	short	hall	operators
1	P 1	P 1	P1	P 1	x,y,z
2	P -1	P -1	P-1	-P 1	x,y,z;-x,-y,-z
3	P 1 2 1	P 1 2 1	P2	P 2y	x,y,z;-x,y,-z
3	P 1 1 2	P 1 1 2	P112	P 2	x,y,z;-x,-y,z
3	P 2 1 1	P 2 1 1	P211	P 2x	x,y,z;x,-y,-z
4	P 1 21 1	P 1 21 1	P21	P 2yb	x,y,z;-x,y+1/2,-z
4	P 1 1 21	P 1 1 21	P1121	P 2c	x,y,z;-x,-y,z+1/2
4	P 21 1 1	P 21 1 1	P2111	P 2xa	x,y,z;x+1/2,-y,-z
5	C 1 2 1	C 1 2 1	C2	C 2y	x,y,z;-x,y,-z;x+1/2,y+1/2,z;-x+1/2,y+1/2,-z
5	A 1 2 1	A 1 2 1	A2	A 2y	x,y,z;-x,y,-z;x,y+1/2,z+1/2;-x,y+1/2,-z+1/2
5	I 1 2 1	I 1 2 1	I2	I 2y	x,y,z;-x,y,-z;x+1/2,y+1/2,z+1/2;-x+1/2,y+1/2,-z+1/2
5	A 1 1 2	A 1 1 2	A112	A 2	x,y,z;-x,-y,z;x,y+1/2,z+1/2;-x,-y+1/2,z+1/2
5	B 1 1 2	B 1 1 2	B112	B 2	x,y,z;-x,-y,z;x+1/2,y,z+1/2;-x+1/2,-y,z+1/2
5	I 1 1 2	I 1 1 2	I112	I 2	x,y,z;-x,-y,z;x+1/2,y+1/2,z+1/2;-x+1/2,-y+1/2,z+1/2
5	B 2 1 1	B 2 1 1	B211	B 2x	x,y,z;x,-y,-z;x+1/2,y,z+1/2;x+1/2,-y,-z+1/2
5	C 2 1 1	C 2 1 1	C211	C 2x	x,y,z;x,-y,-z;x+1/2,y+1/2,z;x+1/2,-y+1/2,-z
5	I 2 1 1	I 2 1 1	I211	I 2x	x,y,z;x,-y,-z;x+1/2,y+1/2,z+1/2;x+1/2,-y+1/2,-z+1/2
6	P 1 m 1	P 1 m 1	Pm	P -2y	x,y,z;x,-y,z
6	P 1 1 m	P 1 1 m	P11m	P -2	x,y,z;x,y,-z
6	P m 1 1	P m 1 1	Pm11	P -2x	x,y,z;-x,y,z
7	P 1 c 1	P 1 c 1	Pc	P -2yc	x,y,z;x,-y,z+1/2
7	P 1 n 1	P 1 n 1	Pn	P -2yac	x,y,z;x+1/2,-y,z+1/2
7	P 1 a 1	P 1 a 1	Pa	P -2ya	x,y,z;x+1/2,-y,z
7	P 1 1 a	P 1 1 a	P11a	P -2a	x,y,z;x+1/2,y,-z
7	P 1 1 n	P 1 1 n	P11n	P -2ab	x,y,z;x+1/2,y+1/2,-z
7	P 1 1 b	P 1 1 b	P11b	P -2b	x,y,z;x,y+1/2,-z
7	P b 1 1	P b 1 1	Pb11	P -2xb	x,y,z;-x,y+1/2,z
7	P n 1 1	P n 1 1	Pn11	P -2xbc	x,y,z;-x,y+1/2,z+1/2
7	P c 1 1	P c 1 1	Pc11	P -2xc	x,y,z;-x,y,z+1/2
8	C 1 m 1	C 1 m 1	Cm	C -2y	x,y,z;x,-y,z;x+1/2,y+1/2,z;x+1/2,-y+1/2,z
8	A 1 m 1	A 1 m 1	Am	A -2y	x,y,z;x,-y,z;x,y+1/2,z+1/2;x,-y+1/2,z+1/2
8	I 1 m 1	I 1 m 1	Im	I -2y	x,y,z;x,-y,z;x+1/2,y+1/2,z+1/2;x+1/2,-y+1/2,z+1/2
8	A 1 1 m	A 1 1 m	A11m	A -2	x,y,z;x,y,-z;x,y+1/2,z+1/2;x,y+1/2,-z+1/2
8	B 1 1 m	B 1 1 m	B11m	B -2	x,y,z;x,y,-z;x+1/2,y,z+1/2;x+1/2,y,-z+1/2
8	I 1 1 m	I 1 1 m	I11m	I -2	x,y,z;x,y,-z;x+1/2,y+1/2,z+1/2;x+1/2,y+1/2,-z+1/2
8	B m 1 1	B m 1 1	Bm11	B -2x	x,y,z;-x,y,z;x+1/2,y,z+1/2;-x+1/2,y,z+1/2
8	C m 1 1	C m 1 1	Cm11	C -2x	x,y,z;-x,y,z;x+1/2,y+1/2,z;-x+1/2,y+1/2,z
8	I m 1 1	I m 1 1	Im11	I -2x	x,y,z;-x,y,z;x+1/2,y+1/2,z+1/2;-x+1/2,y+1/2,z+1/2
9	C 1 c 1	C 1 c 1	Cc	C -2yc	x,y,z;x,-y,z+1/2;x+1/2,y+1/2,z;x+1/2,-y+1/2,z+1/2
9	A 1 n 1	A 1 n 1	An	A -2yab	x,y,z;x+1/2,-y+1/2,z;x,y+1/2,z+1/2;x+1/2,-y,z+1/2
9	I 1 a 1	I 1 a 1	Ia	I -2ya	x,y,z;x+1/2,-y,z;x+1/2,y+1/2,z+1/2;x,-y+1/2,z+1/2
9	A 1 a 1	A 1 a 1	Aa	A -2ya	x,y,z;x+1/2,-y,z;x,y+1/2,z+1/2;x+1/2,-y+1/2,z+1/2
9	C 1 n 1	C 1 n 1	Cn	C -2yac	x,y,z;x+1/2,-y,z+1/2;x+1/2,y+1/2,z;x,-y+1/2,z+1/2
9	I 1 c 1	I 1 c 1	Ic	I -2yc	x,y,z;x,-y,z+1/2;x+1/2,y+1/2,z+1/2;x+1/2,-y+1/2,z
9	A 1 1 a	A 1 1 a	A11a	A -2a	x,y,z;x+1/2,y,-z;x,y+1/2,z+1/2;x+1/2,y+1/2,-z+1/2
9	B 1 1 n	B 1 1 n	B11n	B -2ab	x,y,z;x+1/2,y+1/2,-z;x+1/2,y,z+1/2;x,y+1/2,-z+1/2
9	I 1 1 b	I 1 1 b	I11b	I -2b	x,y,z;x,y+1/2,-z;x+1/2,y+1/2,z+1/2;x+1/2,y,-z+1/2
9	B 1 1 b	B 1 1 b	B11b	B -2b	x,y,z;x,y+1/2,-z;x+1/2,y,z+1/2;x+1/2,y+1/2,-z+1/2
9	A 1 1 n	A 1 1 n	A11n	A -2ab	x,y,z;x+1/2,y+1/2,-z;x,y+1/2,z+1/2;x+1/2,y,-z+1/2
9	I 1 1 a	I 1 1 a	I11a	I -2a	x,y,z;x+1/2,y,-z;x+1/2,y+1/2,z+1/2;x,y+1/2,-z+1/2
9	B b 1 1	B b 1 1	Bb11	B -2xb	x,y,z;-x,y+1/2,z;x+1/2,y,z+1/2;-x+1/2,y+1/2,z+1/2
9	C n 1 1	C n 1 1	Cn11	C -2xac	x,y,z;-x+1/2,y,z+1/2;x+1/2,y+1/2,z;-x,y+1/2,z+1/2
9	I c 1 1	I c 1 1	Ic11	I -2xc	x,y,z;-x,y,z+1/2;x+1/2,y+1/2,z+1/2;-x+1/2,y+1/2,z
9	C c 1 1	C c 1 1	Cc11	C -2xc	x,y,z;-x,y,z+1/2;x+1/2,y+1/2,z;-x+1/2,y+1/2,z+1/2
9	B n 1 1	B n 1 1	Bn11	B -2xab	x,y,z;-x+1/2,y+1/2,z;x+1/2,y,z+1/2;-x,y+1/2,z+1/2
9	I b 1 1	I b 1 1	Ib11	I -2xb	x,y,z;-x,y+1/2,z;x+1/2,y+1/2,z+1/2;-x+1/2,y,z+1/2
10	P 1 2/m 1	P 1 2/m 1	P2/m	-P 2y	x,y,z;-x,y,-z;-x,-y,-z;x,-y,z
10	P 1 1 2/m	P 1 1 2/m	P112/m	-P 2	x,y,z;-x,-y,z;-x,-y,-z;x,y,-z
10	P 2/m 1 1	P 2/m 1 1	P2/m11	-P 2x	x,y,z;x,-y,-z;-x,-y,-z;-x,y,z
11	P 1 21/m 1	P 1 21/m 1	P21/m	-P 2yb	x,y,z;-x,y+1/2,-z;-x,-y,-z;x,-y+1/2,z
11	P 1 1 21/m	P 1 1 21/m	P1121/m	-P 2c	x,y,z;-x,-y,z+1/2;-x,-y,-z;x,y,-z+1/2
11	P 21/m 1 1	P 21/m 1 1	P21/m11	-P 2xa	x,y,z;x+1/2,-y,-z;-x,-y,-z;-x+1/2,y,z
12	C 1 2/m 1	C 1 2/m 1	C2/m	-C 2y	x,y,z;-x,y,-z;-x,-y,-z;x,-y,z;x+1/2,y+1/2,z;-x+1/2,y+1/2,-z;-x+1/2,-y+1/2,-z;x+1/2,-y+1/2,z
12	A 1 2/m 1	A 1 2/m 1	A2/m	-A 2y	x,y,z;-x,y,-z;-x,-y,-z;x,-y,z;x,y+1/2,z+1/2;-x,y+1/2,-z+1/2;-x,-y+1/2,-z+1/2;x,-y+1/2,z+1/2
12	I 1 2/m 1	I 1 2/m 1	I2/m	-I 2y	x,y,z;-x,y,-z;-x,-y,-z;x,-y,z;x+1/2,y+1/2,z+1/2;-x+1/2,y+1/2,-z+1/2;-x+1/2,-y+1/2,-z+1/2;x+1/2,-y+1/2,z+1/2
12	A 1 1 2/m	A 1 1 2/m	A112/m	-A 2	x,y,z;-x,-y,z;-x,-y,-z;x,y,-z;x,y+1/2,z+1/2;-x,-y+1/2,z+1/2;-x,-y+1/2,-z+1/2;x,y+1/2,-z+1/2
12	B 1 1 2/m	B 1 1 2/m	B112/m	-B 2	x,y,z;-x,-y,z;-x,-y,-z;x,y,-z;x+1/2,y,z+1/2;-x+1/2,-y,z+1/2;-x+1/2,-y,-z+1/2;x+1/2,y,-z+1/2
12	I 1 1 2/m	I 1 1 2/m	I112/m	-I 2	x,y,z;-x,-y,z;-x,-y,-z;x,y,-z;x+1/2,y+1/2,z+1/2;-x+1/2,-y+1/2,z+1/2;-x+1/2,-y+1/2,-z+1/2;x+1/2,y+1/2,-z+1/2
12	B 2/m 1 1	B 2/m 1 1	B2/m11	-B 2x	x,y,z;x,-y,-z;-x,-y,-z;-x,y,z;x+1/2,y,z+1/2;x+1/2,-y,-z+1/2;-x+1/2,-y,-z+1/2;-x+1/2,y,z+1/2
12	C 2/m 1 1	C 2/m 1 1	C2/m11	-C 2x	x,y,z;x,-y,-z;-x,-y,-z;-x,y,z;x+1/2,y+1/2,z;x+1/2,-y+1/2,-z;-x+1/2,-y+1/2,-z;-x+1/2,y+1/2,z
12	I 2/m 1 1	I 2/m 1 1	I2/m11	-I 2x	x,y,z;x,-y,-z;-x,-y,-z;-x,y,z;x+1/2,y+1/2,z+1/2;x+1/2,-y+1/2,-z+1/2;-x+1/2,-y+1/2,-z+1/2;-x+1/2,y+1/2,z+1/2
13	P 1 2/c 1	P 1 2/c 1	P2/c	-P 2yc	x,y,z;-x,y,-z+1/2;-x,-y,-z;x,-y,z+1/2
13	P 1 2/n 1	P 1 2/n 1	P2/n	-P 2yac	x,y,z;-x+1/2,y,-z+1/2;-x,-y,-z;x+1/2,-y,z+1/2
13	P 1 2/a 1	P 1 2/a 1	P2/a	-P 2ya	x,y,z;-x+1/2,y,-z;-x,-y,-z;x+1/2,-y,z
13	P 1 1 2/a	P 1 1 2/a	P112/a	-P 2a	x,y,z;-x+1/2,-y,z;-x,-y,-z;x+1/2,y,-z
13	P 1 1 2/n	P 1 1 2/n	P112/n	-P 2ab	x,y,z;-x+1/2,-y+1/2,z;-x,-y,-z;x+1/2,y+1/2,-z
13	P 1 1 2/b	P 1 1 2/b	P112/b	-P 2b	x,y,z;-x,-y+1/2,z;-x,-y,-z;x,y+1/2,-z
13	P 2/b 1 1	P 2/b 1 1	P2/b11	-P 2xb	x,y,z;x,-y+1/2,-z;-x,-y,-z;-x,y+1/2,z
13	P 2/n 1 1	P 2/n 1 1	P2/n11	-P 2xbc	x,y,z;x,-y+1/2,-z+1/2;-x,-y,-z;-x,y+1/2,z+1/2
13	P 2/c 1 1	P 2/c 1 1	P2/c11	-P 2xc	x,y,z;x,-y,-z+1/2;-x,-y,-z;-x,y,z+1/2
14	P 1 21/c 1	P 1 21/c 1	P21/c	-P 2ybc	x,y,z;-x,y+1/2,-z+1/2;-x,-y,-z;x,-y+1/2,z+1/2
14	P 1 21/n 1	P 1 21/n 1	P21/n	-P 2yn	x,y,z;-x+1/2,y+1/2,-z+1/2;-x,-y,-z;x+1/2,-y+1/2,z+1/2
14	P 1 21/a 1	P 1 21/a 1	P21/a	-P 2yab	x,y,z;-x+1/2,y+1/2,-z;-x,-y,-z;x+1/2,-y+1/2,z
14	P 1 1 21/a	P 1 1 21/a	P1121/a	-P 2ac	x,y,z;-x+1/2,-y,z+1/2;-x,-y,-z;x+1/2,y,-z+1/2
14	P 1 1 21/n	P 1 1 21/n	P1121/n	-P 2n	x,y,z;-x+1/2,-y+1/2,z+1/2;-x,-y,-z;x+1/2,y+1/2,-z+1/2
14	P 1 1 21/b	P 1 1 21/b	P1121/b	-P 2bc	x,y,z;-x,-y+1/2,z+1/2;-x,-y,-z;x,y+1/2,-z+1/2
14	P 21/b 1 1	P 21/b 1 1	P21/b11	-P 2xab	x,y,z;x+1/2,-y+1/2,-z;-x,-y,-z;-x+1/2,y+1/2,z
14	P 21/n 1 1	P 21/n 1 1	P21/n11	-P 2xn	x,y,z;x+1/2,-y+1/2,-z+1/2;-x,-y,-z;-x+1/2,y+1/2,z+1/2
14	P 21/c 1 1	P 21/c 1 1	P21/c11	-P 2xac	x,y,z;x+1/2,-y,-z+1/2;-x,-y,-z;-x+1/2,y,z+1/2
15	C 1 2/c 1	C 1 2/c 1	C2/c	-C 2yc	x,y,z;-x,y,-z+1/2;-x,-y,-z;x,-y,z+1/2;x+1/2,y+1/2,z;-x+1/2,y+1/2,-z+1/2;-x+1/2,-y+1/2,-z;x+1/2,-y+1/2,z+1/2
15	A 1 2/n 1	A 1 2/n 1	A2/n	-A 2yab	x,y,z;-x+1/2,y+1/2,-z;-x,-y,-z;x+1/2,-y+1/2,z;x,y+1/2,z+1/2;-x+1/2,y,-z+1/2;-x,-y+1/2,-z+1/2;x+1/2,-y,z+1/2
15	I 1 2/a 1	I 1 2/a 1	I2/a	-I 2ya	x,y,z;-x+1/2,y,-z;-x,-y,-z;x+1/2,-y,z;x+1/2,y+1/2,z+1/2;-x,y+1/2,-z+1/2;-x+1/2,-y+1/2,-z+1/2;x,-y+1/2,z+1/2
15	A 1 2/a 1	A 1 2/a 1	A2/a	-A 2ya	x,y,z;-x+1/2,y,-z;-x,-y,-z;x+1/2,-y,z;x,y+1/2,z+1/2;-x+1/2,y+1/2,-z+1/2;-x,-y+1/2,-z+1/2;x+1/2,-y+1/2,z+1/2
15	C 1 2/n 1	C 1 2/n 1	C2/n	-C 2yac	x,y,z;-x+1/2,y,-z+1/2;-x,-y,-z;x+1/2,-y,z+1/2;x+1/2,y+1/2,z;-x,y+1/2,-z+1/2;-x+1/2,-y+1/2,-z;x,-y+1/2,z+1/2
15	I 1 2/c 1	I 1 2/c 1	I2/c	-I 2yc	x,y,z;-x,y,-z+1/2;-x,-y,-z;x,-y,z+1/2;x+1/2,y+1/2,z+1/2;-x+1/2,y+1/2,-z;-x+1/2,-y+1/2,-z+1/2;x+1/2,-y+1/2,z
15	A 1 1 2/a	A 1 1 2/a	A112/a	-A 2a	x,y,z;-x+1/2,-y,z;-x,-y,-z;x+1/2,y,-z;x,y+1/2,z+1/2;-x+1/2,-y+1/2,z+1/2;-x,-y+1/2,-z+1/2;x+1/2,y+1/2,-z+1/2
15	B 1 1 2/n	B 1 1 2/n	B112/n	-B 2ab	x,y,z;-x+1/2,-y+1/2,z;-x,-y,-z;x+1/2,y+1/2,-z;x+1/2,y,z+1/2;-x,-y+1/2,z+1/2;-x+1/2,-y,-z+1/2;x,y+1/2,-z+1/2
15	I 1 1 2/b	I 1 1 2/b	I112/b	-I 2b	x,y,z;-x,-y+1/2,z;-x,-y,-z;x,y+1/2,-z;x+1/2,y+1/2,z+1/2;-x+1/2,-y,z+1/2;-x+1/2,-y+1/2,-z+1/2;x+1/2,y,-z+1/2
15	B 1 1 2/b	B 1 1 2/b	B112/b	-B 2b	x,y,z;-x,-y+1/2,z;-x,-y,-z;x,y+1/2,-z;x+1/2,y,z+1/2;-x+1/2,-y+1/2,z+1/2;-x+1/2,-y,-z+1/2;x+1/2,y+1/2,-z+1/2
15	A 1 1 2/n	A 1 1 2/n	A112/n	-A 2ab	x,y,z;-x+1/2,-y+1/2,z;-x,-y,-z;x+1/2,y+1/2,-z;x,y+1/2,z+1/2;-x+1/2,-y,z+1/2;-x,-y+1/2,-z+1/2;x+1/2,y,-z+1/2
15	I 1 1 2/a	I 1 1 2/a	I112/a	-I 2a	x,y,z;-x+1/2,-y,z;-x,-y,-z;x+1/2,y,-z;x+1/2,y+1/2,z+1/2;-x,-y+1/2,z+1/2;-x+1/2,-y+1/2,-z+1/2;x,y+1/2,-z+1/2
15	B 2/b 1 1	B 2/b 1 1	B2/b11	-B 2xb	x,y,z;x,-y+1/2,-z;-x,-y,-z;-x,y+1/2,z;x+1/2,y,z+1/2;x+1/2,-y+1/2,-z+1/2;-x+1/2,-y,-z+1/2;-x+1/2,y+1/2,z+1/2
15	C 2/n 1 1	C 2/n 1 1	C2/n11	-C 2xac	x,y,z;x+1/2,-y,-z+1/2;-x,-y,-z;-x+1/2,y,z+1/2;x+1/2,y+1/2,z;x,-y+1/2,-z+1/2;-x+1/2,-y+1/2,-z;-x,y+1/2,z+1/2
15	I 2/c 1 1	I 2/c 1 1	I2/c11	-I 2xc	x,y,z;x,-y,-z+1/2;-x,-y,-z;-x,y,z+1/2;x+1/2,y+1/2,z+1/2;x+1/2,-y+1/2,-z;-x+1/2,-y+1/2,-z+1/2;-x+1/2,y+1/2,z
15	C 2/c 1 1	C 2/c 1 1	C2/c11	-C 2xc	x,y,z;x,-y,-z+1/2;-x,-y,-z;-x,y,z+1/2;x+1/2,y+1/2,z;x+1/2,-y+1/2,-z+1/2;-x+1/2,-y+1/2,-z;-x+1/2,y+1/2,z+1/2
15	B 2/n 1 1	B 2/n 1 1	B2/n11	-B 2xab	x,y,z;x+1/2,-y+1/2,-z;-x,-y,-z;-x+1/2,y+1/2,z;x+1/2,y,z+1/2;x,-y+1/2,-z+1/2;-x+1/2,-y,-z+1/2;-x,y+1/2,z+1/2
15	I 2/b 1 1	I 2/b 1 1	I2/b11	-I 2xb	x,y,z;x,-y+1/2,-z;-x,-y,-z;-x,y+1/2,z;x+1/2,y+1/2,z+1/2;x+1/2,-y,-z+1/2;-x+1/2,-y+1/2,-z+1/2;-x+1/2,y,z+1/2
16	P 2 2 2	P 2 2 2	P222	P 2 2	x,y,z;-x,-y,z;x,-y,-z;-x,y,-z
17	P 2 2 21	P 2 2 21	P2221	P 2c 2	x,y,z;-x,-y,z+1/2;x,-y,-z;-x,y,-z+1/2
17	P 21 2 2	P 21 2 2	P2122	P 2a 2a	x,y,z;-x+1/2,-y,z;x+1/2,-y,-z;-x,y,-z
17	P 2 21 2	P 2 21 2	P2212	P 2 2b	x,y,z;-x,-y,z;x,-y+1/2,-z;-x,y+1/2,-z
18	P 21 21 2	P 21 21 2	P21212	P 2 2ab	x,y,z;-x,-y,z;x+1/2,-y+1/2,-z;-x+1/2,y+1/2,-z
18	P 2 21 21	P 2 21 21	P22121	P 2bc 2	x,y,z;-x,-y+1/2,z+1/2;x,-y,-z;-x,y+1/2,-z+1/2
18	P 21 2 21	P 21 2 21	P21221	P 2ac 2ac	x,y,z;-x+1/2,-y,z+1/2;x+1/2,-y,-z+1/2;-x,y,-z
19	P 21 21 21	P 21 21 21	P212121	P 2ac 2ab	x,y,z;-x+1/2,-y,z+1/2;x+1/2,-y+1/2,-z;-x,y+1/2,-z+1/2
20	C 2 2 21	C 2 2 21	C2221	C 2c 2	x,y,z;-x,-y,z+1/2;x,-y,-z;-x,y,-z+1/2;x+1/2,y+1/2,z;-x+1/2,-y+1/2,z+1/2;x+1/2,-y+1/2,-z;-x+1/2,y+1/2,-z+1/2
20	A 21 2 2	A 21 2 2	A2122	A 2a 2a	x,y,z;-x+1/2,-y,z;x+1/2,-y,-z;-x,y,-z;x,y+1/2,z+1/2;-x+1/2,-y+1/2,z+1/2;x+1/2,-y+1/2,-z+1/2;-x,y+1/2,-z+1/2
20	B 2 21 2	B 2 21 2	B2212	B 2 2b	x,y,z;-x,-y,z;x,-y+1/2,-z;-x,y+1/2,-z;x+1/2,y,z+1/2;-x+1/2,-y,z+1/2;x+1/2,-y+1/2,-z+1/2;-x+1/2,y+1/2,-z+1/2
21	C 2 2 2	C 2 2 2	C222	C 2 2	x,y,z;-x,-y,z;x,-y,-z;-x,y,-z;x+1/2,y+1/2,z;-x+1/2,-y+1/2,z;x+1/2,-y+1/2,-z;-x+1/2,y+1/2,-z
21	A 2 2 2	A 2 2 2	A222	A 2 2	x,y,z;-x,-y,z;x,-y,-z;-x,y,-z;x,y+1/2,z+1/2;-x,-y+1/2,z+1/2;x,-y+1/2,-z+1/2;-x,y+1/2,-z+1/2
21	B 2 2 2	B 2 2 2	B222	B 2 2	x,y,z;-x,-y,z;x,-y,-z;-x,y,-z;x+1/2,y,z+1/2;-x+1/2,-y,z+1/2;x+1/2,-y,-z+1/2;-x+1/2,y,-z+1/2
22	F 2 2 2	F 2 2 2	F222	F 2 2	x,y,z;-x,-y,z;x,-y,-z;-x,y,-z;x,y+1/2,z+1/2;-x,-y+1/2,z+1/2;x,-y+1/2,-z+1/2;-x,y+1/2,-z+1/2;x+1/2,y,z+1/2;-x+1/2,-y,z+1/2;x+1/2,-y,-z+1/2;-x+1/2,y,-z+1/2;x+1/2,y+1/2,z;-x+1/2,-y+1/2,z;x+1/2,-y+1/2,-z;-x+1/2,y+1/2,-z
23	I 2 2 2	I 2 2 2	I222	I 2 2	x,y,z;-x,-y,z;x,-y,-z;-x,y,-z;x+1/2,y+1/2,z+1/2;-x+1/2,-y+1/2,z+1/2;x+1/2,-y+1/2,-z+1/2;-x+1/2,y+1/2,-z+1/2
24	I 21 21 21	I 21 21 21	I212121	I 2b 2c	x,y,z;-x,-y+1/2,z;x,-y,-z+1/2;-x,y+1/2,-z+1/2;x+1/2,y+1/2,z+1/2;-x+1/2,-y,z+1/2;x+1/2,-y+1/2,-z;-x+1/2,y,-z
25	P m m 2	P m m 2	Pmm2	P 2 -2	x,y,z;-x,-y,z;-x,y,z;x,-y,z
25	P 2 m m	P 2 m m	P2mm	P -2 2	x,y,z;x,y,-z;x,-y,-z;x,-y,z
25	P m 2 m	P m 2 m	Pm2m	P -2 -2	x,y,z;x,y,-z;-x,y,z;-x,y,-z
26	P m c 21	P m c 21	Pmc21	P 2c -2	x,y,z;-x,-y,z+1/2;-x,y,z;x,-y,z+1/2
26	P c m 21	P c m 21	Pcm21	P 2c -2c	x,y,z;-x,-y,z+1/2;-x,y,z+1/2;x,-y,z
26	P 21 m a	P 21 m a	P21ma	P -2a 2a	x,y,z;x+1/2,y,-z;x+1/2,-y,-z;x,-y,z
26	P 21 a m	P 21 a m	P21am	P -2 2a	x,y,z;x,y,-z;x+1/2,-y,-z;x+1/2,-y,z
26	P b 21 m	P b 21 m	Pb21m	P -2 -2b	x,y,z;x,y,-z;-x,y+1/2,z;-x,y+1/2,-z
26	P m 21 b	P m 21 b	Pm21b	P -2b -2	x,y,z;x,y+1/2,-z;-x,y,z;-x,y+1/2,-z
27	P c c 2	P c c 2	Pcc2	P 2 -2c	x,y,z;-x,-y,z;-x,y,z+1/2;x,-y,z+1/2
27	P 2 a a	P 2 a a	P2aa	P -2a 2	x,y,z;x+1/2,y,-z;x,-y,-z;x+1/2,-y,z
27	P b 2 b	P b 2 b	Pb2b	P -2b -2b	x,y,z;x,y+1/2,-z;-x,y+1/2,z;-x,y,-z
28	P m a 2	P m a 2	Pma2	P 2 -2a	x,y,z;-x,-y,z;-x+1/2,y,z;x+1/2,-y,z
28	P b m 2	P b m 2	Pbm2	P 2 -2b	x,y,z;-x,-y,z;-x,y+1/2,z;x,-y+1/2,z
28	P 2 m b	P 2 m b	P2mb	P -2b 2	x,y,z;x,y+1/2,-z;x,-y,-z;x,-y+1/2,z
28	P 2 c m	P 2 c m	P2cm	P -2c 2	x,y,z;x,y,-z+1/2;x,-y,-z;x,-y,z+1/2
28	P c 2 m	P c 2 m	Pc2m	P -2c -2c	x,y,z;x,y,-z+1/2;-x,y,z+1/2;-x,y,-z
28	P m 2 a	P m 2 a	Pm2a	P -2a -2a	x,y,z;x+1/2,y,-z;-x+1/2,y,z;-x,y,-z
29	P c a 21	P c a 21	Pca21	P 2c -2ac	x,y,z;-x,-y,z+1/2;-x+1/2,y,z+1/2;x+1/2,-y,z
29	P b c 21	P b c 21	Pbc21	P 2c -2b	x,y,z;-x,-y,z+1/2;-x,y+1/2,z;x,-y+1/2,z+1/2
29	P 21 a b	P 21 a b	P21ab	P -2b 2a	x,y,z;x,y+1/2,-z;x+1/2,-y,-z;x+1/2,-y+1/2,z
29	P 21 c a	P 21 c a	P21ca	P -2ac 2a	x,y,z;x+1/2,y,-z+1/2;x+1/2,-y,-z;x,-y,z+1/2
29	P c 21 b	P c 21 b	Pc21b	P -2bc -2c	x,y,z;x,y+1/2,-z+1/2;-x,y,z+1/2;-x,y+1/2,-z
29	P b 21 a	P b 21 a	Pb21a	P -2a -2ab	x,y,z;x+1/2,y,-z;-x+1/2,y+1/2,z;-x,y+1/2,-z
30	P n c 2	P n c 2	Pnc2	P 2 -2bc	x,y,z;-x,-y,z;-x,y+1/2,z+1/2;x,-y+1/2,z+1/2
30	P c n 2	P c n 2	Pcn2	P 2 -2ac	x,y,z;-x,-y,z;-x+1/2,y,z+1/2;x+1/2,-y,z+1/2
30	P 2 n a	P 2 n a	P2na	P -2ac 2	x,y,z;x+1/2,y,-z+1/2;x,-y,-z;x+1/2,-y,z+1/2
30	P 2 a n	P 2 a n	P2an	P -2ab 2	x,y,z;x+1/2,y+1/2,-z;x,-y,-z;x+1/2,-y+1/2,z
30	P b 2 n	P b 2 n	Pb2n	P -2ab -2ab	x,y,z;x+1/2,y+1/2,-z;-x+1/2,y+1/2,z;-x,y,-z
30	P n 2 b	P n 2 b	Pn2b	P -2bc -2bc	x,y,z;x,y+1/2,-z+1/2;-x,y+1/2,z+1/2;-x,y,-z
31	P m n 21	P m n 21	Pmn21	P 2ac -2	x,y,z;-x+1/2,-y,z+1/2;-x,y,z;x+1/2,-y,z+1/2
31	P n m 21	P n m 21	Pnm21	P 2bc -2bc	x,y,z;-x,-y+1/2,z+1/2;-x,y+1/2,z+1/2;x,-y,z
31	P 21 m n	P 21 m n	P21mn	P -2ab 2ab	x,y,z;x+1/2,y+1/2,-z;x+1/2,-y+1/2,-z;x,-y,z
31	P 21 n m	P 21 n m	P21nm	P -2 2ac	x,y,z;x,y,-z;x+1/2,-y,-z+1/2;x+1/2,-y,z+1/2
31	P n 21 m	P n 21 m	Pn21m	P -2 -2bc	x,y,z;x,y,-z;-x,y+1/2,z+1/2;-x,y+1/2,-z+1/2
31	P m 21 n	P m 21 n	Pm21n	P -2ab -2	x,y,z;x+1/2,y+1/2,-z;-x,y,z;-x+1/2,y+1/2,-z
32	P b a 2	P b a 2	Pba2	P 2 -2ab	x,y,z;-x,-y,z;-x+1/2,y+1/2,z;x+1/2,-y+1/2,z
32	P 2 c b	P 2 c b	P2cb	P -2bc 2	x,y,z;x,y+1/2,-z+1/2;x,-y,-z;x,-y+1/2,z+1/2
32	P c 2 a	P c 2 a	Pc2a	P -2ac -2ac	x,y,z;x+1/2,y,-z+1/2;-x+1/2,y,z+1/2;-x,y,-z
33	P n a 21	P n a 21	Pna21	P 2c -2n	x,y,z;-x,-y,z+1/2;-x+1/2,y+1/2,z+1/2;x+1/2,-y+1/2,z
33	P b n 21	P b n 21	Pbn21	P 2c -2ab	x,y,z;-x,-y,z+1/2;-x+1/2,y+1/2,z;x+1/2,-y+1/2,z+1/2
33	P 21 n b	P 21 n b	P21nb	P -2bc 2a	x,y,z;x,y+1/2,-z+1/2;x+1/2,-y,-z;x+1/2,-y+1/2,z+1/2
33	P 21 c n	P 21 c n	P21cn	P -2n 2a	x,y,z;x+1/2,y+1/2,-z+1/2;x+1/2,-y,-z;x,-y+1/2,z+1/2
33	P c 21 n	P c 21 n	Pc21n	P -2n -2ac	x,y,z;x+1/2,y+1/2,-z+1/2;-x+1/2,y,z+1/2;-x,y+1/2,-z
33	P n 21 a	P n 21 a	Pn21a	P -2ac -2n	x,y,z;x+1/2,y,-z+1/2;-x+1/2,y+1/2,z+1/2;-x,y+1/2,-z
34	P n n 2	P n n 2	Pnn2	P 2 -2n	x,y,z;-x,-y,z;-x+1/2,y+1/2,z+1/2;x+1/2,-y+1/2,z+1/2
34	P 2 n n	P 2 n n	P2nn	P -2n 2	x,y,z;x+1/2,y+1/2,-z+1/2;x,-y,-z;x+1/2,-y+1/2,z+1/2
34	P n 2 n	P n 2 n	Pn2n	P -2n -2n	x,y,z;x+1/2,y+1/2,-z+1/2;-x+1/2,y+1/2,z+1/2;-x,y,-z
35	C m m 2	C m m 2	Cmm2	C 2 -2	x,y,z;-x,-y,z;-x,y,z;x,-y,z;x+1/2,y+1/2,z;-x+1/2,-y+1/2,z;-x+1/2,y+1/2,z;x+1/2,-y+1/2,z
35	A 2 m m	A 2 m m	A2mm	A -2 2	x,y,z;x,y,-z;x,-y,-z;x,-y,z;x,y+1/2,z+1/2;x,y+1/2,-z+1/2;x,-y+1/2,-z+1/2;x,-y+1/2,z+1/2
35	B m 2 m	B m 2 m	Bm2m	B -2 -2	x,y,z;x,y,-z;-x,y,z;-x,y,-z;x+1/2,y,z+1/2;x+1/2,y,-z+1/2;-x+1/2,y,z+1/2;-x+1/2,y,-z+1/2
36	C m c 21	C m c 21	Cmc21	C 2c -2	x,y,z;-x,-y,z+1/2;-x,y,z;x,-y,z+1/2;x+1/2,y+1/2,z;-x+1/2,-y+1/2,z+1/2;-x+1/2,y+1/2,z;x+1/2,-y+1/2,z+1/2
36	C c m 21	C c m 21	Ccm21	C 2c -2c	x,y,z;-x,-y,z+1/2;-x,y,z+1/2;x,-y,z;x+1/2,y+1/2,z;-x+1/2,-y+1/2,z+1/2;-x+1/2,y+1/2,z+1/2;x+1/2,-y+1/2,z
36	A 21 m a	A 21 m a	A21ma	A -2a 2a	x,y,z;x+1/2,y,-z;x+1/2,-y,-z;x,-y,z;x,y+1/2,z+1/2;x+1/2,y+1/2,-z+1/2;x+1/2,-y+1/2,-z+1/2;x,-y+1/2,z+1/2
36	A 21 a m	A 21 a m	A21am	A -2 2a	x,y,z;x,y,-z;x+1/2,-y,-z;x+1/2,-y,z;x,y+1/2,z+1/2;x,y+1/2,-z+1/2;x+1/2,-y+1/2,-z+1/2;x+1/2,-y+1/2,z+1/2
36	B b 21 m	B b 21 m	Bb21m	B -2 -2b	x,y,z;x,y,-z;-x,y+1/2,z;-x,y+1/2,-z;x+1/2,y,z+1/2;x+1/2,y,-z+1/2;-x+1/2,y+1/2,z+1/2;-x+1/2,y+1/2,-z+1/2
36	B m 21 b	B m 21 b	Bm21b	B -2b -2	x,y,z;x,y+1/2,-z;-x,y,z;-x,y+1/2,-z;x+1/2,y,z+1/2;x+1/2,y+1/2,-z+1/2;-x+1/2,y,z+1/2;-x+1/2,y+1/2,-z+1/2
37	C c c 2	C c c 2	Ccc2	C 2 -2c	x,y,z;-x,-y,z;-x,y,z+1/2;x,-y,z+1/2;x+1/2,y+1/2,z;-x+1/2,-y+1/2,z;-x+1/2,y+1/2,z+1/2;x+1/2,-y+1/2,z+1/2
37	A 2 a a	A 2 a a	A2aa	A -2a 2	x,y,z;x+1/2,y,-z;x,-y,-z;x+1/2,-y,z;x,y+1/2,z+1/2;x+1/2,y+1/2,-z+1/2;x,-y+1/2,-z+1/2;x+1/2,-y+1/2,z+1/2
37	B b 2 b	B b 2 b	Bb2b	B -2b -2b	x,y,z;x,y+1/2,-z;-x,y+1/2,z;-x,y,-z;x+1/2,y,z+1/2;x+1/2,y+1/2,-z+1/2;-x+1/2,y+1/2,z+1/2;-x+1/2,y,-z+1/2
38	A m m 2	A m m 2	Amm2	A 2 -2	x,y,z;-x,-y,z;-x,y,z;x,-y,z;x,y+1/2,z+1/2;-x,-y+1/2,z+1/2;-x,y+1/2,z+1/2;x,-y+1/2,z+1/2
38	B m m 2	B m m 2	Bmm2	B 2 -2	x,y,z;-x,-y,z;-x,y,z;x,-y,z;x+1/2,y,z+1/2;-x+1/2,-y,z+1/2;-x+1/2,y,z+1/2;x+1/2,-y,z+1/2
38	B 2 m m	B 2 m m	B2mm	B -2 2	x,y,z;x,y,-z;x,-y,-z;x,-y,z;x+1/2,y,z+1/2;x+1/2,y,-z+1/2;x+1/2,-y,-z+1/2;x+1/2,-y,z+1/2
38	C 2 m m	C 2 m m	C2mm	C -2 2	x,y,z;x,y,-z;x,-y,-z;x,-y,z;x+1/2,y+1/2,z;x+1/2,y+1/2,-z;x+1/2,-y+1/2,-z;x+1/2,-y+1/2,z
38	C m 2 m	C m 2 m	Cm2m	C -2 -2	x,y,z;x,y,-z;-x,y,z;-x,y,-z;x+1/2,y+1/2,z;x+1/2,y+1/2,-z;-x+1/2,y+1/2,z;-x+1/2,y+1/2,-z
38	A m 2 m	A m 2 m	Am2m	A -2 -2	x,y,z;x,y,-z;-x,y,z;-x,y,-z;x,y+1/2,z+1/2;x,y+1/2,-z+1/2;-x,y+1/2,z+1/2;-x,y+1/2,-z+1/2
39	A b m 2	A b m 2	Abm2	A 2 -2b	x,y,z;-x,-y,z;-x,y+1/2,z;x,-y+1/2,z;x,y+1/2,z+1/2;-x,-y+1/2,z+1/2;-x,y,z+1/2;x,-y,z+1/2
39	B m a 2	B m a 2	Bma2	B 2 -2a	x,y,z;-x,-y,z;-x+1/2,y,z;x+1/2,-y,z;x+1/2,y,z+1/2;-x+1/2,-y,z+1/2;-x,y,z+1/2;x,-y,z+1/2
39	B 2 c m	B 2 c m	B2cm	B -2a 2	x,y,z;x+1/2,y,-z;x,-y,-z;x+1/2,-y,z;x+1/2,y,z+1/2;x,y,-z+1/2;x+1/2,-y,-z+1/2;x,-y,z+1/2
39	C 2 m b	C 2 m b	C2mb	C -2a 2	x,y,z;x+1/2,y,-z;x,-y,-z;x+1/2,-y,z;x+1/2,y+1/2,z;x,y+1/2,-z;x+1/2,-y+1/2,-z;x,-y+1/2,z
39	C m 2 a	C m 2 a	Cm2a	C -2a -2a	x,y,z;x+1/2,y,-z;-x+1/2,y,z;-x,y,-z;x+1/2,y+1/2,z;x,y+1/2,-z;-x,y+1/2,z;-x+1/2,y+1/2,-z
39	A c 2 m	A c 2 m	Ac2m	A -2b -2b	x,y,z;x,y+1/2,-z;-x,y+1/2,z;-x,y,-z;x,y+1/2,z+1/2;x,y,-z+1/2;-x,y,z+1/2;-x,y+1/2,-z+1/2
40	A m a 2	A m a 2	Ama2	A 2 -2a	x,y,z;-x,-y,z;-x+1/2,y,z;x+1/2,-y,z;x,y+1/2,z+1/2;-x,-y+1/2,z+1/2;-x+1/2,y+1/2,z+1/2;x+1/2,-y+1/2,z+1/2
40	B b m 2	B b m 2	Bbm2	B 2 -2b	x,y,z;-x,-y,z;-x,y+1/2,z;x,-y+1/2,z;x+1/2,y,z+1/2;-x+1/2,-y,z+1/2;-x+1/2,y+1/2,z+1/2;x+1/2,-y+1/2,z+1/2
40	B 2 m b	B 2 m b	B2mb	B -2b 2	x,y,z;x,y+1/2,-z;x,-y,-z;x,-y+1/2,z;x+1/2,y,z+1/2;x+1/2,y+1/2,-z+1/2;x+1/2,-y,-z+1/2;x+1/2,-y+1/2,z+1/2
40	C 2 c m	C 2 c m	C2cm	C -2c 2	x,y,z;x,y,-z+1/2;x,-y,-z;x,-y,z+1/2;x+1/2,y+1/2,z;x+1/2,y+1/2,-z+1/2;x+1/2,-y+1/2,-z;x+1/2,-y+1/2,z+1/2
40	C c 2 m	C c 2 m	Cc2m	C -2c -2c	x,y,z;x,y,-z+1/2;-x,y,z+1/2;-x,y,-z;x+1/2,y+1/2,z;x+1/2,y+1/2,-z+1/2;-x+1/2,y+1/2,z+1/2;-x+1/2,y+1/2,-z
40	A m 2 a	A m 2 a	Am2a	A -2a -2a	x,y,z;x+1/2,y,-z;-x+1/2,y,z;-x,y,-z;x,y+1/2,z+1/2;x+1/2,y+1/2,-z+1/2;-x+1/2,y+1/2,z+1/2;-x,y+1/2,-z+1/2
41	A b a 2	A b a 2	Aba2	A 2 -2ab	x,y,z;-x,-y,z;-x+1/2,y+1/2,z;x+1/2,-y+1/2,z;x,y+1/2,z+1/2;-x,-y+1/2,z+1/2;-x+1/2,y,z+1/2;x+1/2,-y,z+1/2
41	B b a 2	B b a 2	Bba2	B 2 -2ab	x,y,z;-x,-y,z;-x+1/2,y+1/2,z;x+1/2,-y+1/2,z;x+1/2,y,z+1/2;-x+1/2,-y,z+1/2;-x,y+1/2,z+1/2;x,-y+1/2,z+1/2
41	B 2 c b	B 2 c b	B2cb	B -2ab 2	x,y,z;x+1/2,y+1/2,-z;x,-y,-z;x+1/2,-y+1/2,z;x+1/2,y,z+1/2;x,y+1/2,-z+1/2;x+1/2,-y,-z+1/2;x,-y+1/2,z+1/2
41	C 2 c b	C 2 c b	C2cb	C -2ac 2	x,y,z;x+1/2,y,-z+1/2;x,-y,-z;x+1/2,-y,z+1/2;x+1/2,y+1/2,z;x,y+1/2,-z+1/2;x+1/2,-y+1/2,-z;x,-y+1/2,z+1/2
41	C c 2 a	C c 2 a	Cc2a	C -2ac -2ac	x,y,z;x+1/2,y,-z+1/2;-x+1/2,y,z+1/2;-x,y,-z;x+1/2,y+1/2,z;x,y+1/2,-z+1/2;-x,y+1/2,z+1/2;-x+1/2,y+1/2,-z
41	A c 2 a	A c 2 a	Ac2a	A -2ab -2ab	x,y,z;x+1/2,y+1/2,-z;-x+1/2,y+1/2,z;-x,y,-z;x,y+1/2,z+1/2;x+1/2,y,-z+1/2;-x+1/2,y,z+1/2;-x,y+1/2,-z+1/2
42	F m m 2	F m m 2	Fmm2	F 2 -2	x,y,z;-x,-y,z;-x,y,z;x,-y,z;x,y+1/2,z+1/2;-x,-y+1/2,z+1/2;-x,y+1/2,z+1/2;x,-y+1/2,z+1/2;x+1/2,y,z+1/2;-x+1/2,-y,z+1/2;-x+1/2,y,z+1/2;x+1/2,-y,z+1/2;x+1/2,y+1/2,z;-x+1/2,-y+1/2,z;-x+1/2,y+1/2,z;x+1/2,-y+1/2,z
42	F 2 m m	F 2 m m	F2mm	F -2 2	x,y,z;x,y,-z;x,-y,-z;x,-y,z;x,y+1/2,z+1/2;x,y+1/2,-z+1/2;x,-y+1/2,-z+1/2;x,-y+1/2,z+1/2;x+1/2,y,z+1/2;x+1/2,y,-z+1/2;x+1/2,-y,-z+1/2;x+1/2,-y,z+1/2;x+1/2,y+1/2,z;x+1/2,y+1/2,-z;x+1/2,-y+1/2,-z;x+1/2,-y+1/2,z
42	F m 2 m	F m 2 m	Fm2m	F -2 -2	x,y,z;x,y,-z;-x,y,z;-x,y,-z;x,y+1/2,z+1/2;x,y+1/2,-z+1/2;-x,y+1/2,z+1/2;-x,y+1/2,-z+1/2;x+1/2,y,z+1/2;x+1/2,y,-z+1/2;-x+1/2,y,z+1/2;-x+1/2,y,-z+1/2;x+1/2,y+1/2,z;x+1/2,y+1/2,-z;-x+1/2,y+1/2,z;-x+1/2,y+1/2,-z
43	F d d 2	F d d 2	Fdd2	F 2 -2d	x,y,z;-x,-y,z;-x+1/4,y+1/4,z+1/4;x+1/4,-y+1/4,z+1/4;x,y+1/2,z+1/2;-x,-y+1/2,z+1/2;-x+1/4,y+3/4,z+3/4;x+1/4,-y+3/4,z+3/4;x+1/2,y,z+1/2;-x+1/2,-y,z+1/2;-x+3/4,y+1/4,z+3/4;x+3/4,-y+1/4,z+3/4;x+1/2,y+1/2,z;-x+1/2,-y+1/2,z;-x+3/4,y+3/4,z+1/4;x+3/4,-y+3/4,z+1/4
43	F 2 d d	F 2 d d	F2dd	F -2d 2	x,y,z;x+1/4,y+1/4,-z+1/4;x,-y,-z;x+1/4,-y+3/4,z+3/4;x,y+1/2,z+1/2;x+1/4,y+3/4,-z+3/4;x,-y+1/2,-z+1/2;x+1/4,-y+1/4,z+1/4;x+1/2,y,z+1/2;x+3/4,y+1/4,-z+3/4;x+1/2,-y,-z+1/2;x+3/4,-y+3/4,z+1/4;x+1/2,y+1/2,z;x+3/4,y+3/4,-z+1/4;x+1/2,-y+1/2,-z;x+3/4,-y+1/4,z+3/4
43	F d 2 d	F d 2 d	Fd2d	F -2d -2d	x,y,z;x+1/4,y+1/4,-z+1/4;-x+1/4,y+1/4,z+1/4;-x,y+1/2,-z+1/2;x,y+1/2,z+1/2;x+1/4,y+3/4,-z+3/4;-x+1/4,y+3/4,z+3/4;-x,y,-z;x+1/2,y,z+1/2;x+3/4,y+1/4,-z+3/4;-x+3/4,y+1/4,z+3/4;-x+1/2,y+1/2,-z;x+1/2,y+1/2,z;x+3/4,y+3/4,-z+1/4;-x+3/4,y+3/4,z+1/4;-x+1/2,y,-z+1/2
44	I m m 2	I m m 2	Imm2	I 2 -2	x,y,z;-x,-y,z;-x,y,z;x,-y,z;x+1/2,y+1/2,z+1/2;-x+1/2,-y+1/2,z+1/2;-x+1/2,y+1/2,z+1/2;x+1/2,-y+1/2,z+1/2
44	I 2 m m	I 2 m m	I2mm	I -2 2	x,y,z;x,y,-z;x,-y,-z;x,-y,z;x+1/2,y+1/2,z+1/2;x+1/2,y+1/2,-z+1/2;x+1/2,-y+1/2,-z+1/2;x+1/2,-y+1/2,z+1/2
44	I m 2 m	I m 2 m	Im2m	I -2 -2	x,y,z;x,y,-z;-x,y,z;-x,y,-z;x+1/2,y+1/2,z+1/2;x+1/2,y+1/2,-z+1/2;-x+1/2,y+1/2,z+1/2;-x+1/2,y+1/2,-z+1/2
45	I b a 2	I b a 2	Iba2	I 2 -2c	x,y,z;-x,-y,z;-x,y,z+1/2;x,-y,z+1/2;x+1/2,y+1/2,z+1/2;-x+1/2,-y+1/2,z+1/2;-x+1/2,y+1/2,z;x+1/2,-y+1/2,z
45	I 2 c b	I 2 c b	I2cb	I -2a 2	x,y,z;x+1/2,y,-z;x,-y,-z;x+1/2,-y,z;x+1/2,y+1/2,z+1/2;x,y+1/2,-z+1/2;x+1/2,-y+1/2,-z+1/2;x,-y+1/2,z+1/2
45	I c 2 a	I c 2 a	Ic2a	I -2b -2b	x,y,z;x,y+1/2,-z;-x,y+1/2,z;-x,y,-z;x+1/2,y+1/2,z+1/2;x+1/2,y,-z+1/2;-x+1/2,y,z+1/2;-x+1/2,y+1/2,-z+1/2
46	I m a 2	I m a 2	Ima2	I 2 -2a	x,y,z;-x,-y,z;-x+1/2,y,z;x+1/2,-y,z;x+1/2,y+1/2,z+1/2;-x+1/2,-y+1/2,z+1/2;-x,y+1/2,z+1/2;x,-y+1/2,z+1/2
46	I b m 2	I b m 2	Ibm2	I 2 -2b	x,y,z;-x,-y,z;-x,y+1/2,z;x,-y+1/2,z;x+1/2,y+1/2,z+1/2;-x+1/2,-y+1/2,z+1/2;-x+1/2,y,z+1/2;x+1/2,-y,z+1/2
46	I 2 m b	I 2 m b	I2mb	I -2b 2	x,y,z;x,y+1/2,-z;x,-y,-z;x,-y+1/2,z;x+1/2,y+1/2,z+1/2;x+1/2,y,-z+1/2;x+1/2,-y+1/2,-z+1/2;x+1/2,-y,z+1/2
46	I 2 c m	I 2 c m	I2cm	I -2c 2	x,y,z;x,y,-z+1/2;x,-y,-z;x,-y,z+1/2;x+1/2,y+1/2,z+1/2;x+1/2,y+1/2,-z;x+1/2,-y+1/2,-z+1/2;x+1/2,-y+1/2,z
46	I c 2 m	I c 2 m	Ic2m	I -2c -2c	x,y,z;x,y,-z+1/2;-x,y,z+1/2;-x,y,-z;x+1/2,y+1/2,z+1/2;x+1/2,y+1/2,-z;-x+1/2,y+1/2,z;-x+1/2,y+1/2,-z+1/2
46	I m 2 a	I m 2 a	Im2a	I -2a -2a	x,y,z;x+1/2,y,-z;-x+1/2,y,z;-x,y,-z;x+1/2,y+1/2,z+1/2;x,y+1/2,-z+1/2;-x,y+1/2,z+1/2;-x+1/2,y+1/2,-z+1/2
47	P m m m	P m m m	Pmmm	-P 2 2	x,y,z;-x,-y,z;x,-y,-z;-x,y,-z;-x,-y,-z;x,y,-z;-x,y,z;x,-y,z
48	P n n n	P n n n:1	Pnnn	P 2 2 -1n	x,y,z;-x,-y,z;x,-y,-z;-x,y,-z;-x+1/2,-y+1/2,-z+1/2;x+1/2,y+1/2,-z+1/2;-x+1/2,y+1/2,z+1/2;x+1/2,-y+1/2,z+1/2
48	P n n n	P n n n:2	Pnnn	-P 2ab 2bc	x,y,z;-x+1/2,-y+1/2,z;x,-y+1/2,-z+1/2;-x+1/2,y,-z+1/2;-x,-y,-z;x+1/2,y+1/2,-z;-x,y+1/2,z+1/2;x+1/2,-y,z+1/2
49	P c c m	P c c m	Pccm	-P 2 2c	x,y,z;-x,-y,z;x,-y,-z+1/2;-x,y,-z+1/2;-x,-y,-z;x,y,-z;-x,y,z+1/2;x,-y,z+1/2
49	P m a a	P m a a	Pmaa	-P 2a 2	x,y,z;-x+1/2,-y,z;x,-y,-z;-x+1/2,y,-z;-x,-y,-z;x+1/2,y,-z;-x,y,z;x+1/2,-y,z
49	P b m b	P b m b	Pbmb	-P 2b 2b	x,y,z;-x,-y+1/2,z;x,-y+1/2,-z;-x,y,-z;-x,-y,-z;x,y+1/2,-z;-x,y+1/2,z;x,-y,z
50	P b a n	P b a n:1	Pban	P 2 2 -1ab	x,y,z;-x,-y,z;x,-y,-z;-x,y,-z;-x+1/2,-y+1/2,-z;x+1/2,y+1/2,-z;-x+1/2,y+1/2,z;x+1/2,-y+1/2,z
50	P b a n	P b a n:2	Pban	-P 2ab 2b	x,y,z;-x+1/2,-y+1/2,z;x,-y+1/2,-z;-x+1/2,y,-z;-x,-y,-z;x+1/2,y+1/2,-z;-x,y+1/2,z;x+1/2,-y,z
50	P n c b	P n c b:1	Pncb	P 2 2 -1bc	x,y,z;-x,-y,z;x,-y,-z;-x,y,-z;-x,-y+1/2,-z+1/2;x,y+1/2,-z+1/2;-x,y+1/2,z+1/2;x,-y+1/2,z+1/2
50	P n c b	P n c b:2	Pncb	-P 2b 2bc	x,y,z;-x,-y+1/2,z;x,-y+1/2,-z+1/2;-x,y,-z+1/2;-x,-y,-z;x,y+1/2,-z;-x,y+1/2,z+1/2;x,-y,z+1/2
50	P c n a	P c n a:1	Pcna	P 2 2 -1ac	x,y,z;-x,-y,z;x,-y,-z;-x,y,-z;-x+1/2,-y,-z+1/2;x+1/2,y,-z+1/2;-x+1/2,y,z+1/2;x+1/2,-y,z+1/2
50	P c n a	P c n a:2	Pcna	-P 2a 2c	x,y,z;-x+1/2,-y,z;x,-y,-z+1/2;-x+1/2,y,-z+1/2;-x,-y,-z;x+1/2,y,-z;-x,y,z+1/2;x+1/2,-y,z+1/2
51	P m m a	P m m a	Pmma	-P 2a 2a	x,y,z;-x+1/2,-y,z;x+1/2,-y,-z;-x,y,-z;-x,-y,-z;x+1/2,y,-z;-x+1/2,y,z;x,-y,z
51	P m m b	P m m b	Pmmb	-P 2b 2	x,y,z;-x,-y+1/2,z;x,-y,-z;-x,y+1/2,-z;-x,-y,-z;x,y+1/2,-z;-x,y,z;x,-y+1/2,z
51	P b m m	P b m m	Pbmm	-P 2 2b	x,y,z;-x,-y,z;x,-y+1/2,-z;-x,y+1/2,-z;-x,-y,-z;x,y,-z;-x,y+1/2,z;x,-y+1/2,z
51	P c m m	P c m m	Pcmm	-P 2c 2c	x,y,z;-x,-y,z+1/2;x,-y,-z+1/2;-x,y,-z;-x,-y,-z;x,y,-z+1/2;-x,y,z+1/2;x,-y,z
51	P m c m	P m c m	Pmcm	-P 2c 2	x,y,z;-x,-y,z+1/2;x,-y,-z;-x,y,-z+1/2;-x,-y,-z;x,y,-z+1/2;-x,y,z;x,-y,z+1/2
51	P m a m	P m a m	Pmam	-P 2 2a	x,y,z;-x,-y,z;x+1/2,-y,-z;-x+1/2,y,-z;-x,-y,-z;x,y,-z;-x+1/2,y,z;x+1/2,-y,z
52	P n n a	P n n a	Pnna	-P 2a 2bc	x,y,z;-x+1/2,-y,z;x,-y+1/2,-z+1/2;-x+1/2,y+1/2,-z+1/2;-x,-y,-z;x+1/2,y,-z;-x,y+1/2,z+1/2;x+1/2,-y+1/2,z+1/2
52	P n n b	P n n b	Pnnb	-P 2b 2n	x,y,z;-x,-y+1/2,z;x+1/2,-y+1/2,-z+1/2;-x+1/2,y,-z+1/2;-x,-y,-z;x,y+1/2,-z;-x+1/2,y+1/2,z+1/2;x+1/2,-y,z+1/2
52	P b n n	P b n n	Pbnn	-P 2n 2b	x,y,z;-x+1/2,-y+1/2,z+1/2;x,-y+1/2,-z;-x+1/2,y,-z+1/2;-x,-y,-z;x+1/2,y+1/2,-z+1/2;-x,y+1/2,z;x+1/2,-y,z+1/2
52	P c n n	P c n n	Pcnn	-P 2ab 2c	x,y,z;-x+1/2,-y+1/2,z;x,-y,-z+1/2;-x+1/2,y+1/2,-z+1/2;-x,-y,-z;x+1/2,y+1/2,-z;-x,y,z+1/2;x+1/2,-y+1/2,z+1/2
52	P n c n	P n c n	Pncn	-P 2ab 2n	x,y,z;-x+1/2,-y+1/2,z;x+1/2,-y+1/2,-z+1/2;-x,y,-z+1/2;-x,-y,-z;x+1/2,y+1/2,-z;-x+1/2,y+1/2,z+1/2;x,-y,z+1/2
52	P n a n	P n a n	Pnan	-P 2n 2bc	x,y,z;-x+1/2,-y+1/2,z+1/2;x,-y+1/2,-z+1/2;-x+1/2,y,-z;-x,-y,-z;x+1/2,y+1/2,-z+1/2;-x,y+1/2,z+1/2;x+1/2,-y,z
53	P m n a	P m n a	Pmna	-P 2ac 2	x,y,z;-x+1/2,-y,z+1/2;x,-y,-z;-x+1/2,y,-z+1/2;-x,-y,-z;x+1/2,y,-z+1/2;-x,y,z;x+1/2,-y,z+1/2
53	P n m b	P n m b	Pnmb	-P 2bc 2bc	x,y,z;-x,-y+1/2,z+1/2;x,-y+1/2,-z+1/2;-x,y,-z;-x,-y,-z;x,y+1/2,-z+1/2;-x,y+1/2,z+1/2;x,-y,z
53	P b m n	P b m n	Pbmn	-P 2ab 2ab	x,y,z;-x+1/2,-y+1/2,z;x+1/2,-y+1/2,-z;-x,y,-z;-x,-y,-z;x+1/2,y+1/2,-z;-x+1/2,y+1/2,z;x,-y,z
53	P c n m	P c n m	Pcnm	-P 2 2ac	x,y,z;-x,-y,z;x+1/2,-y,-z+1/2;-x+1/2,y,-z+1/2;-x,-y,-z;x,y,-z;-x+1/2,y,z+1/2;x+1/2,-y,z+1/2
53	P n c m	P n c m	Pncm	-P 2 2bc	x,y,z;-x,-y,z;x,-y+1/2,-z+1/2;-x,y+1/2,-z+1/2;-x,-y,-z;x,y,-z;-x,y+1/2,z+1/2;x,-y+1/2,z+1/2
53	P m a n	P m a n	Pman	-P 2ab 2	x,y,z;-x+1/2,-y+1/2,z;x,-y,-z;-x+1/2,y+1/2,-z;-x,-y,-z;x+1/2,y+1/2,-z;-x,y,z;x+1/2,-y+1/2,z
54	P c c a	P c c a	Pcca	-P 2a 2ac	x,y,z;-x+1/2,-y,z;x+1/2,-y,-z+1/2;-x,y,-z+1/2;-x,-y,-z;x+1/2,y,-z;-x+1/2,y,z+1/2;x,-y,z+1/2
54	P c c b	P c c b	Pccb	-P 2b 2c	x,y,z;-x,-y+1/2,z;x,-y,-z+1/2;-x,y+1/2,-z+1/2;-x,-y,-z;x,y+1/2,-z;-x,y,z+1/2;x,-y+1/2,z+1/2
54	P b a a	P b a a	Pbaa	-P 2a 2b	x,y,z;-x+1/2,-y,z;x,-y+1/2,-z;-x+1/2,y+1/2,-z;-x,-y,-z;x+1/2,y,-z;-x,y+1/2,z;x+1/2,-y+1/2,z
54	P c a a	P c a a	Pcaa	-P 2ac 2c	x,y,z;-x+1/2,-y,z+1/2;x,-y,-z+1/2;-x+1/2,y,-z;-x,-y,-z;x+1/2,y,-z+1/2;-x,y,z+1/2;x+1/2,-y,z
54	P b c b	P b c b	Pbcb	-P 2bc 2b	x,y,z;-x,-y+1/2,z+1/2;x,-y+1/2,-z;-x,y,-z+1/2;-x,-y,-z;x,y+1/2,-z+1/2;-x,y+1/2,z;x,-y,z+1/2
54	P b a b	P b a b	Pbab	-P 2b 2ab	x,y,z;-x,-y+1/2,z;x+1/2,-y+1/2,-z;-x+1/2,y,-z;-x,-y,-z;x,y+1/2,-z;-x+1/2,y+1/2,z;x+1/2,-y,z
55	P b a m	P b a m	Pbam	-P 2 2ab	x,y,z;-x,-y,z;x+1/2,-y+1/2,-z;-x+1/2,y+1/2,-z;-x,-y,-z;x,y,-z;-x+1/2,y+1/2,z;x+1/2,-y+1/2,z
55	P m c b	P m c b	Pmcb	-P 2bc 2	x,y,z;-x,-y+1/2,z+1/2;x,-y,-z;-x,y+1/2,-z+1/2;-x,-y,-z;x,y+1/2,-z+1/2;-x,y,z;x,-y+1/2,z+1/2
55	P c m a	P c m a	Pcma	-P 2ac 2ac	x,y,z;-x+1/2,-y,z+1/2;x+1/2,-y,-z+1/2;-x,y,-z;-x,-y,-z;x+1/2,y,-z+1/2;-x+1/2,y,z+1/2;x,-y,z
56	P c c n	P c c n	Pccn	-P 2ab 2ac	x,y,z;-x+1/2,-y+1/2,z;x+1/2,-y,-z+1/2;-x,y+1/2,-z+1/2;-x,-y,-z;x+1/2,y+1/2,-z;-x+1/2,y,z+1/2;x,-y+1/2,z+1/2
56	P n a a	P n a a	Pnaa	-P 2ac 2bc	x,y,z;-x+1/2,-y,z+1/2;x,-y+1/2,-z+1/2;-x+1/2,y+1/2,-z;-x,-y,-z;x+1/2,y,-z+1/2;-x,y+1/2,z+1/2;x+1/2,-y+1/2,z
56	P b n b	P b n b	Pbnb	-P 2bc 2ab	x,y,z;-x,-y+1/2,z+1/2;x+1/2,-y+1/2,-z;-x+1/2,y,-z+1/2;-x,-y,-z;x,y+1/2,-z+1/2;-x+1/2,y+1/2,z;x+1/2,-y,z+1/2
57	P b c m	P b c m	Pbcm	-P 2c 2b	x,y,z;-x,-y,z+1/2;x,-y+1/2,-z;-x,y+1/2,-z+1/2;-x,-y,-z;x,y,-z+1/2;-x,y+1/2,z;x,-y+1/2,z+1/2
57	P c a m	P c a m	Pcam	-P 2c 2ac	x,y,z;-x,-y,z+1/2;x+1/2,-y,-z+1/2;-x+1/2,y,-z;-x,-y,-z;x,y,-z+1/2;-x+1/2,y,z+1/2;x+1/2,-y,z
57	P m c a	P m c a	Pmca	-P 2ac 2a	x,y,z;-x+1/2,-y,z+1/2;x+1/2,-y,-z;-x,y,-z+1/2;-x,-y,-z;x+1/2,y,-z+1/2;-x+1/2,y,z;x,-y,z+1/2
57	P m a b	P m a b	Pmab	-P 2b 2a	x,y,z;-x,-y+1/2,z;x+1/2,-y,-z;-x+1/2,y+1/2,-z;-x,-y,-z;x,y+1/2,-z;-x+1/2,y,z;x+1/2,-y+1/2,z
57	P b m a	P b m a	Pbma	-P 2a 2ab	x,y,z;-x+1/2,-y,z;x+1/2,-y+1/2,-z;-x,y+1/2,-z;-x,-y,-z;x+1/2,y,-z;-x+1/2,y+1/2,z;x,-y+1/2,z
57	P c m b	P c m b	Pcmb	-P 2bc 2c	x,y,z;-x,-y+1/2,z+1/2;x,-y,-z+1/2;-x,y+1/2,-z;-x,-y,-z;x,y+1/2,-z+1/2;-x,y,z+1/2;x,-y+1/2,z
58	P n n m	P n n m	Pnnm	-P 2 2n	x,y,z;-x,-y,z;x+1/2,-y+1/2,-z+1/2;-x+1/2,y+1/2,-z+1/2;-x,-y,-z;x,y,-z;-x+1/2,y+1/2,z+1/2;x+1/2,-y+1/2,z+1/2
58	P m n n	P m n n	Pmnn	-P 2n 2	x,y,z;-x+1/2,-y+1/2,z+1/2;x,-y,-z;-x+1/2,y+1/2,-z+1/2;-x,-y,-z;x+1/2,y+1/2,-z+1/2;-x,y,z;x+1/2,-y+1/2,z+1/2
58	P n m n	P n m n	Pnmn	-P 2n 2n	x,y,z;-x+1/2,-y+1/2,z+1/2;x+1/2,-y+1/2,-z+1/2;-x,y,-z;-x,-y,-z;x+1/2,y+1/2,-z+1/2;-x+1/2,y+1/2,z+1/2;x,-y,z
59	P m m n	P m m n:1	Pmmn	P 2 2ab -1ab	x,y,z;-x,-y,z;x+1/2,-y+1/2,-z;-x+1/2,y+1/2,-z;-x+1/2,-y+1/2,-z;x+1/2,y+1/2,-z;-x,y,z;x,-y,z
59	P m m n	P m m n:2	Pmmn	-P 2ab 2a	x,y,z;-x+1/2,-y+1/2,z;x+1/2,-y,-z;-x,y+1/2,-z;-x,-y,-z;x+1/2,y+1/2,-z;-x+1/2,y,z;x,-y+1/2,z
59	P n m m	P n m m:1	Pnmm	P 2bc 2 -1bc	x,y,z;-x,-y+1/2,z+1/2;x,-y,-z;-x,y+1/2,-z+1/2;-x,-y+1/2,-z+1/2;x,y,-z;-x,y+1/2,z+1/2;x,-y,z
59	P n m m	P n m m:2	Pnmm	-P 2c 2bc	x,y,z;-x,-y,z+1/2;x,-y+1/2,-z+1/2;-x,y+1/2,-z;-x,-y,-z;x,y,-z+1/2;-x,y+1/2,z+1/2;x,-y+1/2,z
59	P m n m	P m n m:1	Pmnm	P 2ac 2ac -1ac	x,y,z;-x+1/2,-y,z+1/2;x+1/2,-y,-z+1/2;-x,y,-z;-x+1/2,-y,-z+1/2;x,y,-z;-x,y,z;x+1/2,-y,z+1/2
59	P m n m	P m n m:2	Pmnm	-P 2c 2a	x,y,z;-x,-y,z+1/2;x+1/2,-y,-z;-x+1/2,y,-z+1/2;-x,-y,-z;x,y,-z+1/2;-x+1/2,y,z;x+1/2,-y,z+1/2
60	P b c n	P b c n	Pbcn	-P 2n 2ab	x,y,z;-x+1/2,-y+1/2,z+1/2;x+1/2,-y+1/2,-z;-x,y,-z+1/2;-x,-y,-z;x+1/2,y+1/2,-z+1/2;-x+1/2,y+1/2,z;x,-y,z+1/2
60	P c a n	P c a n	Pcan	-P 2n 2c	x,y,z;-x+1/2,-y+1/2,z+1/2;x,-y,-z+1/2;-x+1/2,y+1/2,-z;-x,-y,-z;x+1/2,y+1/2,-z+1/2;-x,y,z+1/2;x+1/2,-y+1/2,z
60	P n c a	P n c a	Pnca	-P 2a 2n	x,y,z;-x+1/2,-y,z;x+1/2,-y+1/2,-z+1/2;-x,y+1/2,-z+1/2;-x,-y,-z;x+1/2,y,-z;-x+1/2,y+1/2,z+1/2;x,-y+1/2,z+1/2
60	P n a b	P n a b	Pnab	-P 2bc 2n	x,y,z;-x,-y+1/2,z+1/2;x+1/2,-y+1/2,-z+1/2;-x+1/2,y,-z;-x,-y,-z;x,y+1/2,-z+1/2;-x+1/2,y+1/2,z+1/2;x+1/2,-y,z
60	P b n a	P b n a	Pbna	-P 2ac 2b	x,y,z;-x+1/2,-y,z+1/2;x,-y+1/2,-z;-x+1/2,y+1/2,-z+1/2;-x,-y,-z;x+1/2,y,-z+1/2;-x,y+1/2,z;x+1/2,-y+1/2,z+1/2
60	P c n b	P c n b	Pcnb	-P 2b 2ac	x,y,z;-x,-y+1/2,z;x+1/2,-y,-z+1/2;-x+1/2,y+1/2,-z+1/2;-x,-y,-z;x,y+1/2,-z;-x+1/2,y,z+1/2;x+1/2,-y+1/2,z+1/2
61	P b c a	P b c a	Pbca	-P 2ac 2ab	x,y,z;-x+1/2,-y,z+1/2;x+1/2,-y+1/2,-z;-x,y+1/2,-z+1/2;-x,-y,-z;x+1/2,y,-z+1/2;-x+1/2,y+1/2,z;x,-y+1/2,z+1/2
61	P c a b	P c a b	Pcab	-P 2bc 2ac	x,y,z;-x,-y+1/2,z+1/2;x+1/2,-y,-z+1/2;-x+1/2,y+1/2,-z;-x,-y,-z;x,y+1/2,-z+1/2;-x+1/2,y,z+1/2;x+1/2,-y+1/2,z
62	P n m a	P n m a	Pnma	-P 2ac 2n	x,y,z;-x+1/2,-y,z+1/2;x+1/2,-y+1/2,-z+1/2;-x,y+1/2,-z;-x,-y,-z;x+1/2,y,-z+1/2;-x+1/2,y+1/2,z+1/2;x,-y+1/2,z
62	P m n b	P m n b	Pmnb	-P 2bc 2a	x,y,z;-x,-y+1/2,z+1/2;x+1/2,-y,-z;-x+1/2,y+1/2,-z+1/2;-x,-y,-z;x,y+1/2,-z+1/2;-x+1/2,y,z;x+1/2,-y+1/2,z+1/2
62	P b n m	P b n m	Pbnm	-P 2c 2ab	x,y,z;-x,-y,z+1/2;x+1/2,-y+1/2,-z;-x+1/2,y+1/2,-z+1/2;-x,-y,-z;x,y,-z+1/2;-x+1/2,y+1/2,z;x+1/2,-y+1/2,z+1/2
62	P c m n	P c m n	Pcmn	-P 2n 2ac	x,y,z;-x+1/2,-y+1/2,z+1/2;x+1/2,-y,-z+1/2;-x,y+1/2,-z;-x,-y,-z;x+1/2,y+1/2,-z+1/2;-x+1/2,y,z+1/2;x,-y+1/2,z
62	P m c n	P m c n	Pmcn	-P 2n 2a	x,y,z;-x+1/2,-y+1/2,z+1/2;x+1/2,-y,-z;-x,y+1/2,-z+1/2;-x,-y,-z;x+1/2,y+1/2,-z+1/2;-x+1/2,y,z;x,-y+1/2,z+1/2
62	P n a m	P n a m	Pnam	-P 2c 2n	x,y,z;-x,-y,z+1/2;x+1/2,-y+1/2,-z+1/2;-x+1/2,y+1/2,-z;-x,-y,-z;x,y,-z+1/2;-x+1/2,y+1/2,z+1/2;x+1/2,-y+1/2,z
63	C m c m	C m c m	Cmcm	-C 2c 2	x,y,z;-x,-y,z+1/2;x,-y,-z;-x,y,-z+1/2;-x,-y,-z;x,y,-z+1/2;-x,y,z;x,-y,z+1/2;x+1/2,y+1/2,z;-x+1/2,-y+1/2,z+1/2;x+1/2,-y+1/2,-z;-x+1/2,y+1/2,-z+1/2;-x+1/2,-y+1/2,-z;x+1/2,y+1/2,-z+1/2;-x+1/2,y+1/2,z;x+1/2,-y+1/2,z+1/2
63	C c m m	C c m m	Ccmm	-C 2c 2c	x,y,z;-x,-y,z+1/2;x,-y,-z+1/2;-x,y,-z;-x,-y,-z;x,y,-z+1/2;-x,y,z+1/2;x,-y,z;x+1/2,y+1/2,z;-x+1/2,-y+1/2,z+1/2;x+1/2,-y+1/2,-z+1/2;-x+1/2,y+1/2,-z;-x+1/2,-y+1/2,-z;x+1/2,y+1/2,-z+1/2;-x+1/2,y+1/2,z+1/2;x+1/2,-y+1/2,z
63	A m m a	A m m a	Amma	-A 2a 2a	x,y,z;-x+1/2,-y,z;x+1/2,-y,-z;-x,y,-z;-x,-y,-z;x+1/2,y,-z;-x+1/2,y,z;x,-y,z;x,y+1/2,z+1/2;-x+1/2,-y+1/2,z+1/2;x+1/2,-y+1/2,-z+1/2;-x,y+1/2,-z+1/2;-x,-y+1/2,-z+1/2;x+1/2,y+1/2,-z+1/2;-x+1/2,y+1/2,z+1/2;x,-y+1/2,z+1/2
63	A m a m	A m a m	Amam	-A 2 2a	x,y,z;-x,-y,z;x+1/2,-y,-z;-x+1/2,y,-z;-x,-y,-z;x,y,-z;-x+1/2,y,z;x+1/2,-y,z;x,y+1/2,z+1/2;-x,-y+1/2,z+1/2;x+1/2,-y+1/2,-z+1/2;-x+1/2,y+1/2,-z+1/2;-x,-y+1/2,-z+1/2;x,y+1/2,-z+1/2;-x+1/2,y+1/2,z+1/2;x+1/2,-y+1/2,z+1/2
63	B b m m	B b m m	Bbmm	-B 2 2b	x,y,z;-x,-y,z;x,-y+1/2,-z;-x,y+1/2,-z;-x,-y,-z;x,y,-z;-x,y+1/2,z;x,-y+1/2,z;x+1/2,y,z+1/2;-x+1/2,-y,z+1/2;x+1/2,-y+1/2,-z+1/2;-x+1/2,y+1/2,-z+1/2;-x+1/2,-y,-z+1/2;x+1/2,y,-z+1/2;-x+1/2,y+1/2,z+1/2;x+1/2,-y+1/2,z+1/2
63	B m m b	B m m b	Bmmb	-B 2b 2	x,y,z;-x,-y+1/2,z;x,-y,-z;-x,y+1/2,-z;-x,-y,-z;x,y+1/2,-z;-x,y,z;x,-y+1/2,z;x+1/2,y,z+1/2;-x+1/2,-y+1/2,z+1/2;x+1/2,-y,-z+1/2;-x+1/2,y+1/2,-z+1/2;-x+1/2,-y,-z+1/2;x+1/2,y+1/2,-z+1/2;-x+1/2,y,z+1/2;x+1/2,-y+1/2,z+1/2
64	C m c a	C m c a	Cmca	-C 2ac 2	x,y,z;-x+1/2,-y,z+1/2;x,-y,-z;-x+1/2,y,-z+1/2;-x,-y,-z;x+1/2,y,-z+1/2;-x,y,z;x+1/2,-y,z+1/2;x+1/2,y+1/2,z;-x,-y+1/2,z+1/2;x+1/2,-y+1/2,-z;-x,y+1/2,-z+1/2;-x+1/2,-y+1/2,-z;x,y+1/2,-z+1/2;-x+1/2,y+1/2,z;x,-y+1/2,z+1/2
64	C c m b	C c m b	Ccmb	-C 2ac 2ac	x,y,z;-x+1/2,-y,z+1/2;x+1/2,-y,-z+1/2;-x,y,-z;-x,-y,-z;x+1/2,y,-z+1/2;-x+1/2,y,z+1/2;x,-y,z;x+1/2,y+1/2,z;-x,-y+1/2,z+1/2;x,-y+1/2,-z+1/2;-x+1/2,y+1/2,-z;-x+1/2,-y+1/2,-z;x,y+1/2,-z+1/2;-x,y+1/2,z+1/2;x+1/2,-y+1/2,z
64	A b m a	A b m a	Abma	-A 2ab 2ab	x,y,z;-x+1/2,-y+1/2,z;x+1/2,-y+1/2,-z;-x,y,-z;-x,-y,-z;x+1/2,y+1/2,-z;-x+1/2,y+1/2,z;x,-y,z;x,y+1/2,z+1/2;-x+1/2,-y,z+1/2;x+1/2,-y,-z+1/2;-x,y+1/2,-z+1/2;-x,-y+1/2,-z+1/2;x+1/2,y,-z+1/2;-x+1/2,y,z+1/2;x,-y+1/2,z+1/2
64	A c a m	A c a m	Acam	-A 2 2ab	x,y,z;-x,-y,z;x+1/2,-y+1/2,-z;-x+1/2,y+1/2,-z;-x,-y,-z;x,y,-z;-x+1/2,y+1/2,z;x+1/2,-y+1/2,z;x,y+1/2,z+1/2;-x,-y+1/2,z+1/2;x+1/2,-y,-z+1/2;-x+1/2,y,-z+1/2;-x,-y+1/2,-z+1/2;x,y+1/2,-z+1/2;-x+1/2,y,z+1/2;x+1/2,-y,z+1/2
64	B b c m	B b c m	Bbcm	-B 2 2ab	x,y,z;-x,-y,z;x+1/2,-y+1/2,-z;-x+1/2,y+1/2,-z;-x,-y,-z;x,y,-z;-x+1/2,y+1/2,z;x+1/2,-y+1/2,z;x+1/2,y,z+1/2;-x+1/2,-y,z+1/2;x,-y+1/2,-z+1/2;-x,y+1/2,-z+1/2;-x+1/2,-y,-z+1/2;x+1/2,y,-z+1/2;-x,y+1/2,z+1/2;x,-y+1/2,z+1/2
64	B m a b	B m a b	Bmab	-B 2ab 2	x,y,z;-x+1/2,-y+1/2,z;x,-y,-z;-x+1/2,y+1/2,-z;-x,-y,-z;x+1/2,y+1/2,-z;-x,y,z;x+1/2,-y+1/2,z;x+1/2,y,z+1/2;-x,-y+1/2,z+1/2;x+1/2,-y,-z+1/2;-x,y+1/2,-z+1/2;-x+1/2,-y,-z+1/2;x,y+1/2,-z+1/2;-x+1/2,y,z+1/2;x,-y+1/2,z+1/2
65	C m m m	C m m m	Cmmm	-C 2 2	x,y,z;-x,-y,z;x,-y,-z;-x,y,-z;-x,-y,-z;x,y,-z;-x,y,z;x,-y,z;x+1/2,y+1/2,z;-x+1/2,-y+1/2,z;x+1/2,-y+1/2,-z;-x+1/2,y+1/2,-z;-x+1/2,-y+1/2,-z;x+1/2,y+1/2,-z;-x+1/2,y+1/2,z;x+1/2,-y+1/2,z
65	A m m m	A m m m	Ammm	-A 2 2	x,y,z;-x,-y,z;x,-y,-z;-x,y,-z;-x,-y,-z;x,y,-z;-x,y,z;x,-y,z;x,y+1/2,z+1/2;-x,-y+1/2,z+1/2;x,-y+1/2,-z+1/2;-x,y+1/2,-z+1/2;-x,-y+1/2,-z+1/2;x,y+1/2,-z+1/2;-x,y+1/2,z+1/2;x,-y+1/2,z+1/2
65	B m m m	B m m m	Bmmm	-B 2 2	x,y,z;-x,-y,z;x,-y,-z;-x,y,-z;-x,-y,-z;x,y,-z;-x,y,z;x,-y,z;x+1/2,y,z+1/2;-x+1/2,-y,z+1/2;x+1/2,-y,-z+1/2;-x+1/2,y,-z+1/2;-x+1/2,-y,-z+1/2;x+1/2,y,-z+1/2;-x+1/2,y,z+1/2;x+1/2,-y,z+1/2
66	C c c m	C c c m	Cccm	-C 2 2c	x,y,z;-x,-y,z;x,-y,-z+1/2;-x,y,-z+1/2;-x,-y,-z;x,y,-z;-x,y,z+1/2;x,-y,z+1/2;x+1/2,y+1/2,z;-x+1/2,-y+1/2,z;x+1/2,-y+1/2,-z+1/2;-x+1/2,y+1/2,-z+1/2;-x+1/2,-y+1/2,-z;x+1/2,y+1/2,-z;-x+1/2,y+1/2,z+1/2;x+1/2,-y+1/2,z+1/2
66	A m a a	A m a a	Amaa	-A 2a 2	x,y,z;-x+1/2,-y,z;x,-y,-z;-x+1/2,y,-z;-x,-y,-z;x+1/2,y,-z;-x,y,z;x+1/2,-y,z;x,y+1/2,z+1/2;-x+1/2,-y+1/2,z+1/2;x,-y+1/2,-z+1/2;-x+1/2,y+1/2,-z+1/2;-x,-y+1/2,-z+1/2;x+1/2,y+1/2,-z+1/2;-x,y+1/2,z+1/2;x+1/2,-y+1/2,z+1/2
66	B b m b	B b m b	Bbmb	-B 2b 2b	x,y,z;-x,-y+1/2,z;x,-y+1/2,-z;-x,y,-z;-x,-y,-z;x,y+1/2,-z;-x,y+1/2,z;x,-y,z;x+1/2,y,z+1/2;-x+1/2,-y+1/2,z+1/2;x+1/2,-y+1/2,-z+1/2;-x+1/2,y,-z+1/2;-x+1/2,-y,-z+1/2;x+1/2,y+1/2,-z+1/2;-x+1/2,y+1/2,z+1/2;x+1/2,-y,z+1/2
67	C m m a	C m m a	Cmma	-C 2a 2	x,y,z;-x+1/2,-y,z;x,-y,-z;-x+1/2,y,-z;-x,-y,-z;x+1/2,y,-z;-x,y,z;x+1/2,-y,z;x+1/2,y+1/2,z;-x,-y+1/2,z;x+1/2,-y+1/2,-z;-x,y+1/2,-z;-x+1/2,-y+1/2,-z;x,y+1/2,-z;-x+1/2,y+1/2,z;x,-y+1/2,z
67	C m m b	C m m b	Cmmb	-C 2a 2a	x,y,z;-x+1/2,-y,z;x+1/2,-y,-z;-x,y,-z;-x,-y,-z;x+1/2,y,-z;-x+1/2,y,z;x,-y,z;x+1/2,y+1/2,z;-x,-y+1/2,z;x,-y+1/2,-z;-x+1/2,y+1/2,-z;-x+1/2,-y+1/2,-z;x,y+1/2,-z;-x,y+1/2,z;x+1/2,-y+1/2,z
67	A b m m	A b m m	Abmm	-A 2b 2b	x,y,z;-x,-y+1/2,z;x,-y+1/2,-z;-x,y,-z;-x,-y,-z;x,y+1/2,-z;-x,y+1/2,z;x,-y,z;x,y+1/2,z+1/2;-x,-y,z+1/2;x,-y,-z+1/2;-x,y+1/2,-z+1/2;-x,-y+1/2,-z+1/2;x,y,-z+1/2;-x,y,z+1/2;x,-y+1/2,z+1/2
67	A c m m	A c m m	Acmm	-A 2 2b	x,y,z;-x,-y,z;x,-y+1/2,-z;-x,y+1/2,-z;-x,-y,-z;x,y,-z;-x,y+1/2,z;x,-y+1/2,z;x,y+1/2,z+1/2;-x,-y+1/2,z+1/2;x,-y,-z+1/2;-x,y,-z+1/2;-x,-y+1/2,-z+1/2;x,y+1/2,-z+1/2;-x,y,z+1/2;x,-y,z+1/2
67	B m c m	B m c m	Bmcm	-B 2 2a	x,y,z;-x,-y,z;x+1/2,-y,-z;-x+1/2,y,-z;-x,-y,-z;x,y,-z;-x+1/2,y,z;x+1/2,-y,z;x+1/2,y,z+1/2;-x+1/2,-y,z+1/2;x,-y,-z+1/2;-x,y,-z+1/2;-x+1/2,-y,-z+1/2;x+1/2,y,-z+1/2;-x,y,z+1/2;x,-y,z+1/2
67	B m a m	B m a m	Bmam	-B 2a 2	x,y,z;-x+1/2,-y,z;x,-y,-z;-x+1/2,y,-z;-x,-y,-z;x+1/2,y,-z;-x,y,z;x+1/2,-y,z;x+1/2,y,z+1/2;-x,-y,z+1/2;x+1/2,-y,-z+1/2;-x,y,-z+1/2;-x+1/2,-y,-z+1/2;x,y,-z+1/2;-x+1/2,y,z+1/2;x,-y,z+1/2
68	C c c a	C c c a:1	Ccca	C 2 2 -1ac	x,y,z;-x,-y,z;x,-y,-z;-x,y,-z;-x+1/2,-y,-z+1/2;x+1/2,y,-z+1/2;-x+1/2,y,z+1/2;x+1/2,-y,z+1/2;x+1/2,y+1/2,z;-x+1/2,-y+1/2,z;x+1/2,-y+1/2,-z;-x+1/2,y+1/2,-z;-x,-y+1/2,-z+1/2;x,y+1/2,-z+1/2;-x,y+1/2,z+1/2;x,-y+1/2,z+1/2
68	C c c a	C c c a:2	Ccca	-C 2a 2ac	x,y,z;-x+1/2,-y,z;x+1/2,-y,-z+1/2;-x,y,-z+1/2;-x,-y,-z;x+1/2,y,-z;-x+1/2,y,z+1/2;x,-y,z+1/2;x+1/2,y+1/2,z;-x,-y+1/2,z;x,-y+1/2,-z+1/2;-x+1/2,y+1/2,-z+1/2;-x+1/2,-y+1/2,-z;x,y+1/2,-z;-x,y+1/2,z+1/2;x+1/2,-y+1/2,z+1/2
68	C c c b	C c c b:1	Cccb	C 2 2 -1ac	x,y,z;-x,-y,z;x,-y,-z;-x,y,-z;-x+1/2,-y,-z+1/2;x+1/2,y,-z+1/2;-x+1/2,y,z+1/2;x+1/2,-y,z+1/2;x+1/2,y+1/2,z;-x+1/2,-y+1/2,z;x+1/2,-y+1/2,-z;-x+1/2,y+1/2,-z;-x,-y+1/2,-z+1/2;x,y+1/2,-z+1/2;-x,y+1/2,z+1/2;x,-y+1/2,z+1/2
68	C c c b	C c c b:2	Cccb	-C 2a 2c	x,y,z;-x+1/2,-y,z;x,-y,-z+1/2;-x+1/2,y,-z+1/2;-x,-y,-z;x+1/2,y,-z;-x,y,z+1/2;x+1/2,-y,z+1/2;x+1/2,y+1/2,z;-x,-y+1/2,z;x+1/2,-y+1/2,-z+1/2;-x,y+1/2,-z+1/2;-x+1/2,-y+1/2,-z;x,y+1/2,-z;-x+1/2,y+1/2,z+1/2;x,-y+1/2,z+1/2
68	A b a a	A b a a:1	Abaa	A 2 2 -1ab	x,y,z;-x,-y,z;x,-y,-z;-x,y,-z;-x+1/2,-y+1/2,-z;x+1/2,y+1/2,-z;-x+1/2,y+1/2,z;x+1/2,-y+1/2,z;x,y+1/2,z+1/2;-x,-y+1/2,z+1/2;x,-y+1/2,-z+1/2;-x,y+1/2,-z+1/2;-x+1/2,-y,-z+1/2;x+1/2,y,-z+1/2;-x+1/2,y,z+1/2;x+1/2,-y,z+1/2
68	A b a a	A b a a:2	Abaa	-A 2a 2b	x,y,z;-x+1/2,-y,z;x,-y+1/2,-z;-x+1/2,y+1/2,-z;-x,-y,-z;x+1/2,y,-z;-x,y+1/2,z;x+1/2,-y+1/2,z;x,y+1/2,z+1/2;-x+1/2,-y+1/2,z+1/2;x,-y,-z+1/2;-x+1/2,y,-z+1/2;-x,-y+1/2,-z+1/2;x+1/2,y+1/2,-z+1/2;-x,y,z+1/2;x+1/2,-y,z+1/2
68	A c a a	A c a a:1	Acaa	A 2 2 -1ab	x,y,z;-x,-y,z;x,-y,-z;-x,y,-z;-x+1/2,-y+1/2,-z;x+1/2,y+1/2,-z;-x+1/2,y+1/2,z;x+1/2,-y+1/2,z;x,y+1/2,z+1/2;-x,-y+1/2,z+1/2;x,-y+1/2,-z+1/2;-x,y+1/2,-z+1/2;-x+1/2,-y,-z+1/2;x+1/2,y,-z+1/2;-x+1/2,y,z+1/2;x+1/2,-y,z+1/2
68	A c a a	A c a a:2	Acaa	-A 2ab 2b	x,y,z;-x+1/2,-y+1/2,z;x,-y+1/2,-z;-x+1/2,y,-z;-x,-y,-z;x+1/2,y+1/2,-z;-x,y+1/2,z;x+1/2,-y,z;x,y+1/2,z+1/2;-x+1/2,-y,z+1/2;x,-y,-z+1/2;-x+1/2,y+1/2,-z+1/2;-x,-y+1/2,-z+1/2;x+1/2,y,-z+1/2;-x,y,z+1/2;x+1/2,-y+1/2,z+1/2
68	B b c b	B b c b:1	Bbcb	B 2 2 -1ab	x,y,z;-x,-y,z;x,-y,-z;-x,y,-z;-x+1/2,-y+1/2,-z;x+1/2,y+1/2,-z;-x+1/2,y+1/2,z;x+1/2,-y+1/2,z;x+1/2,y,z+1/2;-x+1/2,-y,z+1/2;x+1/2,-y,-z+1/2;-x+1/2,y,-z+1/2;-x,-y+1/2,-z+1/2;x,y+1/2,-z+1/2;-x,y+1/2,z+1/2;x,-y+1/2,z+1/2
68	B b c b	B b c b:2	Bbcb	-B 2ab 2b	x,y,z;-x+1/2,-y+1/2,z;x,-y+1/2,-z;-x+1/2,y,-z;-x,-y,-z;x+1/2,y+1/2,-z;-x,y+1/2,z;x+1/2,-y,z;x+1/2,y,z+1/2;-x,-y+1/2,z+1/2;x+1/2,-y+1/2,-z+1/2;-x,y,-z+1/2;-x+1/2,-y,-z+1/2;x,y+1/2,-z+1/2;-x+1/2,y+1/2,z+1/2;x,-y,z+1/2
68	B b a b	B b a b:1	Bbab	B 2 2 -1ab	x,y,z;-x,-y,z;x,-y,-z;-x,y,-z;-x+1/2,-y+1/2,-z;x+1/2,y+1/2,-z;-x+1/2,y+1/2,z;x+1/2,-y+1/2,z;x+1/2,y,z+1/2;-x+1/2,-y,z+1/2;x+1/2,-y,-z+1/2;-x+1/2,y,-z+1/2;-x,-y+1/2,-z+1/2;x,y+1/2,-z+1/2;-x,y+1/2,z+1/2;x,-y+1/2,z+1/2
68	B b a b	B b a b:2	Bbab	-B 2b 2ab	x,y,z;-x,-y+1/2,z;x+1/2,-y+1/2,-z;-x+1/2,y,-z;-x,-y,-z;x,y+1/2,-z;-x+1/2,y+1/2,z;x+1/2,-y,z;x+1/2,y,z+1/2;-x+1/2,-y+1/2,z+1/2;x,-y+1/2,-z+1/2;-x,y,-z+1/2;-x+1/2,-y,-z+1/2;x+1/2,y+1/2,-z+1/2;-x,y+1/2,z+1/2;x,-y,z+1/2
69	F m m m	F m m m	Fmmm	-F 2 2	x,y,z;-x,-y,z;x,-y,-z;-x,y,-z;-x,-y,-z;x,y,-z;-x,y,z;x,-y,z;x,y+1/2,z+1/2;-x,-y+1/2,z+1/2;x,-y+1/2,-z+1/2;-x,y+1/2,-z+1/2;-x,-y+1/2,-z+1/2;x,y+1/2,-z+1/2;-x,y+1/2,z+1/2;x,-y+1/2,z+1/2;x+1/2,y,z+1/2;-x+1/2,-y,z+1/2;x+1/2,-y,-z+1/2;-x+1/2,y,-z+1/2;-x+1/2,-y,-z+1/2;x+1/2,y,-z+1/2;-x+1/2,y,z+1/2;x+1/2,-y,z+1/2;x+1/2,y+1/2,z;-x+1/2,-y+1/2,z;x+1/2,-y+1/2,-z;-x+1/2,y+1/2,-z;-x+1/2,-y+1/2,-z;x+1/2,y+1/2,-z;-x+1/2,y+1/2,z;x+1/2,-y+1/2,z
70	F d d d	F d d d:1	Fddd	F 2 2 -1d	x,y,z;-x,-y,z;x,-y,-z;-x,y,-z;-x+1/4,-y+1/4,-z+1/4;x+1/4,y+1/4,-z+1/4;-x+1/4,y+1/4,z+1/4;x+1/4,-y+1/4,z+1/4;x,y+1/2,z+1/2;-x,-y+1/2,z+1/2;x,-y+1/2,-z+1/2;-x,y+1/2,-z+1/2;-x+1/4,-y+3/4,-z+3/4;x+1/4,y+3/4,-z+3/4;-x+1/4,y+3/4,z+3/4;x+1/4,-y+3/4,z+3/4;x+1/2,y,z+1/2;-x+1/2,-y,z+1/2;x+1/2,-y,-z+1/2;-x+1/2,y,-z+1/2;-x+3/4,-y+1/4,-z+3/4;x+3/4,y+1/4,-z+3/4;-x+3/4,y+1/4,z+3/4;x+3/4,-y+1/4,z+3/4;x+1/2,y+1/2,z;-x+1/2,-y+1/2,z;x+1/2,-y+1/2,-z;-x+1/2,y+1/2,-z;-x+3/4,-y+3/4,-z+1/4;x+3/4,y+3/4,-z+1/4;-x+3/4,y+3/4,z+1/4;x+3/4,-y+3/4,z+1/4
70	F d d d	F d d d:2	Fddd	-F 2uv 2vw	x,y,z;-x+1/4,-y+1/4,z;x,-y+1/4,-z+1/4;-x+1/4,y,-z+1/4;-x,-y,-z;x+3/4,y+3/4,-z;-x,y+3/4,z+3/4;x+3/4,-y,z+3/4;x,y+1/2,z+1/2;-x+1/4,-y+3/4,z+1/2;x,-y+3/4,-z+3/4;-x+1/4,y+1/2,-z+3/4;-x,-y+1/2,-z+1/2;x+3/4,y+1/4,-z+1/2;-x,y+1/4,z+1/4;x+3/4,-y+1/2,z+1/4;x+1/2,y,z+1/2;-x+3/4,-y+1/4,z+1/2;x+1/2,-y+1/4,-z+3/4;-x+3/4,y,-z+3/4;-x+1/2,-y,-z+1/2;x+1/4,y+3/4,-z+1/2;-x+1/2,y+3/4,z+1/4;x+1/4,-y,z+1/4;x+1/2,y+1/2,z;-x+3/4,-y+3/4,z;x+1/2,-y+3/4,-z+1/4;-x+3/4,y+1/2,-z+1/4;-x+1/2,-y+1/2,-z;x+1/4,y+1/4,-z;-x+1/2,y+1/4,z+3/4;x+1/4,-y+1/2,z+3/4
71	I m m m	I m m m	Immm	-I 2 2	x,y,z;-x,-y,z;x,-y,-z;-x,y,-z;-x,-y,-z;x,y,-z;-x,y,z;x,-y,z;x+1/2,y+1/2,z+1/2;-x+1/2,-y+1/2,z+1/2;x+1/2,-y+1/2,-z+1/2;-x+1/2,y+1/2,-z+1/2;-x+1/2,-y+1/2,-z+1/2;x+1/2,y+1/2,-z+1/2;-x+1/2,y+1/2,z+1/2;x+1/2,-y+1/2,z+1/2
72	I b a m	I b a m	Ibam	-I 2 2c	x,y,z;-x,-y,z;x,-y,-z+1/2;-x,y,-z+1/2;-x,-y,-z;x,y,-z;-x,y,z+1/2;x,-y,z+1/2;x+1/2,y+1/2,z+1/2;-x+1/2,-y+1/2,z+1/2;x+1/2,-y+1/2,-z;-x+1/2,y+1/2,-z;-x+1/2,-y+1/2,-z+1/2;x+1/2,y+1/2,-z+1/2;-x+1/2,y+1/2,z;x+1/2,-y+1/2,z
72	I m c b	I m c b	Imcb	-I 2a 2	x,y,z;-x+1/2,-y,z;x,-y,-z;-x+1/2,y,-z;-x,-y,-z;x+1/2,y,-z;-x,y,z;x+1/2,-y,z;x+1/2,y+1/2,z+1/2;-x,-y+1/2,z+1/2;x+1/2,-y+1/2,-z+1/2;-x,y+1/2,-z+1/2;-x+1/2,-y+1/2,-z+1/2;x,y+1/2,-z+1/2;-x+1/2,y+1/2,z+1/2;x,-y+1/2,z+1/2
72	I c m a	I c m a	Icma	-I 2b 2b	x,y,z;-x,-y+1/2,z;x,-y+1/2,-z;-x,y,-z;-x,-y,-z;x,y+1/2,-z;-x,y+1/2,z;x,-y,z;x+1/2,y+1/2,z+1/2;-x+1/2,-y,z+1/2;x+1/2,-y,-z+1/2;-x+1/2,y+1/2,-z+1/2;-x+1/2,-y+1/2,-z+1/2;x+1/2,y,-z+1/2;-x+1/2,y,z+1/2;x+1/2,-y+1/2,z+1/2
73	I b c a	I b c a	Ibca	-I 2b 2c	x,y,z;-x,-y+1/2,z;x,-y,-z+1/2;-x,y+1/2,-z+1/2;-x,-y,-z;x,y+1/2,-z;-x,y,z+1/2;x,-y+1/2,z+1/2;x+1/2,y+1/2,z+1/2;-x+1/2,-y,z+1/2;x+1/2,-y+1/2,-z;-x+1/2,y,-z;-x+1/2,-y+1/2,-z+1/2;x+1/2,y,-z+1/2;-x+1/2,y+1/2,z;x+1/2,-y,z
73	I c a b	I c a b	Icab	-I 2a 2b	x,y,z;-x+1/2,-y,z;x,-y+1/2,-z;-x+1/2,y+1/2,-z;-x,-y,-z;x+1/2,y,-z;-x,y+1/2,z;x+1/2,-y+1/2,z;x+1/2,y+1/2,z+1/2;-x,-y+1/2,z+1/2;x+1/2,-y,-z+1/2;-x,y,-z+1/2;-x+1/2,-y+1/2,-z+1/2;x,y+1/2,-z+1/2;-x+1/2,y,z+1/2;x,-y,z+1/2
74	I m m a	I m m a	Imma	-I 2b 2	x,y,z;-x,-y+1/2,z;x,-y,-z;-x,y+1/2,-z;-x,-y,-z;x,y+1/2,-z;-x,y,z;x,-y+1/2,z;x+1/2,y+1/2,z+1/2;-x+1/2,-y,z+1/2;x+1/2,-y+1/2,-z+1/2;-x+1/2,y,-z+1/2;-x+1/2,-y+1/2,-z+1/2;x+1/2,y,-z+1/2;-x+1/2,y+1/2,z+1/2;x+1/2,-y,z+1/2
74	I m m b	I m m b	Immb	-I 2a 2a	x,y,z;-x+1/2,-y,z;x+1/2,-y,-z;-x,y,-z;-x,-y,-z;x+1/2,y,-z;-x+1/2,y,z;x,-y,z;x+1/2,y+1/2,z+1/2;-x,-y+1/2,z+1/2;x,-y+1/2,-z+1/2;-x+1/2,y+1/2,-z+1/2;-x+1/2,-y+1/2,-z+1/2;x,y+1/2,-z+1/2;-x,y+1/2,z+1/2;x+1/2,-y+1/2,z+1/2
74	I b m m	I b m m	Ibmm	-I 2c 2c	x,y,z;-x,-y,z+1/2;x,-y,-z+1/2;-x,y,-z;-x,-y,-z;x,y,-z+1/2;-x,y,z+1/2;x,-y,z;x+1/2,y+1/2,z+1/2;-x+1/2,-y+1/2,z;x+1/2,-y+1/2,-z;-x+1/2,y+1/2,-z+1/2;-x+1/2,-y+1/2,-z+1/2;x+1/2,y+1/2,-z;-x+1/2,y+1/2,z;x+1/2,-y+1/2,z+1/2
74	I c m m	I c m m	Icmm	-I 2 2b	x,y,z;-x,-y,z;x,-y+1/2,-z;-x,y+1/2,-z;-x,-y,-z;x,y,-z;-x,y+1/2,z;x,-y+1/2,z;x+1/2,y+1/2,z+1/2;-x+1/2,-y+1/2,z+1/2;x+1/2,-y,-z+1/2;-x+1/2,y,-z+1/2;-x+1/2,-y+1/2,-z+1/2;x+1/2,y+1/2,-z+1/2;-x+1/2,y,z+1/2;x+1/2,-y,z+1/2
74	I m c m	I m c m	Imcm	-I 2 2a	x,y,z;-x,-y,z;x+1/2,-y,-z;-x+1/2,y,-z;-x,-y,-z;x,y,-z;-x+1/2,y,z;x+1/2,-y,z;x+1/2,y+1/2,z+1/2;-x+1/2,-y+1/2,z+1/2;x,-y+1/2,-z+1/2;-x,y+1/2,-z+1/2;-x+1/2,-y+1/2,-z+1/2;x+1/2,y+1/2,-z+1/2;-x,y+1/2,z+1/2;x,-y+1/2,z+1/2
74	I m a m	I m a m	Imam	-I 2c 2	x,y,z;-x,-y,z+1/2;x,-y,-z;-x,y,-z+1/2;-x,-y,-z;x,y,-z+1/2;-x,y,z;x,-y,z+1/2;x+1/2,y+1/2,z+1/2;-x+1/2,-y+1/2,z;x+1/2,-y+1/2,-z+1/2;-x+1/2,y+1/2,-z;-x+1/2,-y+1/2,-z+1/2;x+1/2,y+1/2,-z;-x+1/2,y+1/2,z+1/2;x+1/2,-y+1/2,z
75	P 4	P 4	P4	P 4	x,y,z;-y,x,z;-x,-y,z;y,-x,z
76	P 41	P 41	P41	P 4w	x,y,z;-y,x,z+1/4;-x,-y,z+1/2;y,-x,z+3/4
77	P 42	P 42	P42	P 4c	x,y,z;-y,x,z+1/2;-x,-y,z;y,-x,z+1/2
78	P 43	P 43	P43	P 4cw	x,y,z;-y,x,z+3/4;-x,-y,z+1/2;y,-x,z+1/4
79	I 4	I 4	I4	I 4	x,y,z;-y,x,z;-x,-y,z;y,-x,z;x+1/2,y+1/2,z+1/2;-y+1/2,x+1/2,z+1/2;-x+1/2,-y+1/2,z+1/2;y+1/2,-x+1/2,z+1/2
80	I 41	I 41	I41	I 4bw	x,y,z;-y,x+1/2,z+1/4;-x+1/2,-y+1/2,z+1/2;y+1/2,-x,z+3/4;x+1/2,y+1/2,z+1/2;-y+1/2,x,z+3/4;-x,-y,z;y,-x+1/2,z+1/4
81	P -4	P -4	P-4	P -4	x,y,z;y,-x,-z;-x,-y,z;-y,x,-z
82	I -4	I -4	I-4	I -4	x,y,z;y,-x,-z;-x,-y,z;-y,x,-z;x+1/2,y+1/2,z+1/2;y+1/2,-x+1/2,-z+1/2;-x+1/2,-y+1/2,z+1/2;-y+1/2,x+1/2,-z+1/2
83	P 4/m	P 4/m	P4/m	-P 4	x,y,z;-y,x,z;-x,-y,z;y,-x,z;-x,-y,-z;y,-x,-z;x,y,-z;-y,x,-z
84	P 42/m	P 42/m	P42/m	-P 4c	x,y,z;-y,x,z+1/2;-x,-y,z;y,-x,z+1/2;-x,-y,-z;y,-x,-z+1/2;x,y,-z;-y,x,-z+1/2
85	P 4/n	P 4/n:1	P4/n	P 4ab -1ab	x,y,z;-y+1/2,x+1/2,z;-x,-y,z;y+1/2,-x+1/2,z;-x+1/2,-y+1/2,-z;y,-x,-z;x+1/2,y+1/2,-z;-y,x,-z
85	P 4/n	P 4/n:2	P4/n	-P 4a	x,y,z;-y+1/2,x,z;-x+1/2,-y+1/2,z;y,-x+1/2,z;-x,-y,-z;y+1/2,-x,-z;x+1/2,y+1/2,-z;-y,x+1/2,-z
86	P 42/n	P 42/n:1	P42/n	P 4n -1n	x,y,z;-y+1/2,x+1/2,z+1/2;-x,-y,z;y+1/2,-x+1/2,z+1/2;-x+1/2,-y+1/2,-z+1/2;y,-x,-z;x+1/2,y+1/2,-z+1/2;-y,x,-z
86	P 42/n	P 42/n:2	P42/n	-P 4bc	x,y,z;-y,x+1/2,z+1/2;-x+1/2,-y+1/2,z;y+1/2,-x,z+1/2;-x,-y,-z;y,-x+1/2,-z+1/2;x+1/2,y+1/2,-z;-y+1/2,x,-z+1/2
87	I 4/m	I 4/m	I4/m	-I 4	x,y,z;-y,x,z;-x,-y,z;y,-x,z;-x,-y,-z;y,-x,-z;x,y,-z;-y,x,-z;x+1/2,y+1/2,z+1/2;-y+1/2,x+1/2,z+1/2;-x+1/2,-y+1/2,z+1/2;y+1/2,-x+1/2,z+1/2;-x+1/2,-y+1/2,-z+1/2;y+1/2,-x+1/2,-z+1/2;x+1/2,y+1/2,-z+1/2;-y+1/2,x+1/2,-z+1/2
88	I 41/a	I 41/a:1	I41/a	I 4bw -1bw	x,y,z;-y,x+1/2,z+1/4;-x+1/2,-y+1/2,z+1/2;y+1/2,-x,z+3/4;-x,-y+1/2,-z+1/4;y,-x,-z;x+1/2,y,-z+3/4;-y+1/2,x+1/2,-z+1/2;x+1/2,y+1/2,z+1/2;-y+1/2,x,z+3/4;-x,-y,z;y,-x+1/2,z+1/4;-x+1/2,-y,-z+3/4;y+1/2,-x+1/2,-z+1/2;x,y+1/2,-z+1/4;-y,x,-z
88	I 41/a	I 41/a:2	I41/a	-I 4ad	x,y,z;-y+3/4,x+1/4,z+1/4;-x+1/2,-y,z+1/2;y+3/4,-x+3/4,z+3/4;-x,-y,-z;y+1/4,-x+3/4,-z+3/4;x+1/2,y,-z+1/2;-y+1/4,x+1/4,-z+1/4;x+1/2,y+1/2,z+1/2;-y+1/4,x+3/4,z+3/4;-x,-y+1/2,z;y+1/4,-x+1/4,z+1/4;-x+1/2,-y+1/2,-z+1/2;y+3/4,-x+1/4,-z+1/4;x,y+1/2,-z;-y+3/4,x+3/4,-z+3/4
89	P 4 2 2	P 4 2 2	P422	P 4 2	x,y,z;-y,x,z;-x,-y,z;y,-x,z;x,-y,-z;-y,-x,-z;-x,y,-z;y,x,-z
90	P 4 21 2	P 4 21 2	P4212	P 4ab 2ab	x,y,z;-y+1/2,x+1/2,z;-x,-y,z;y+1/2,-x+1/2,z;x+1/2,-y+1/2,-z;-y,-x,-z;-x+1/2,y+1/2,-z;y,x,-z
91	P 41 2 2	P 41 2 2	P4122	P 4w 2c	x,y,z;-y,x,z+1/4;-x,-y,z+1/2;y,-x,z+3/4;x,-y,-z+1/2;-y,-x,-z+1/4;-x,y,-z;y,x,-z+3/4
92	P 41 21 2	P 41 21 2	P41212	P 4abw 2nw	x,y,z;-y+1/2,x+1/2,z+1/4;-x,-y,z+1/2;y+1/2,-x+1/2,z+3/4;x+1/2,-y+1/2,-z+3/4;-y,-x,-z+1/2;-x+1/2,y+1/2,-z+1/4;y,x,-z
93	P 42 2 2	P 42 2 2	P4222	P 4c 2	x,y,z;-y,x,z+1/2;-x,-y,z;y,-x,z+1/2;x,-y,-z;-y,-x,-z+1/2;-x,y,-z;y,x,-z+1/2
94	P 42 21 2	P 42 21 2	P42212	P 4n 2n	x,y,z;-y+1/2,x+1/2,z+1/2;-x,-y,z;y+1/2,-x+1/2,z+1/2;x+1/2,-y+1/2,-z+1/2;-y,-x,-z;-x+1/2,y+1/2,-z+1/2;y,x,-z
95	P 43 2 2	P 43 2 2	P4322	P 4cw 2c	x,y,z;-y,x,z+3/4;-x,-y,z+1/2;y,-x,z+1/4;x,-y,-z+1/2;-y,-x,-z+3/4;-x,y,-z;y,x,-z+1/4
96	P 43 21 2	P 43 21 2	P43212	P 4nw 2abw	x,y,z;-y+1/2,x+1/2,z+3/4;-x,-y,z+1/2;y+1/2,-x+1/2,z+1/4;x+1/2,-y+1/2,-z+1/4;-y,-x,-z+1/2;-x+1/2,y+1/2,-z+3/4;y,x,-z
97	I 4 2 2	I 4 2 2	I422	I 4 2	x,y,z;-y,x,z;-x,-y,z;y,-x,z;x,-y,-z;-y,-x,-z;-x,y,-z;y,x,-z;x+1/2,y+1/2,z+1/2;-y+1/2,x+1/2,z+1/2;-x+1/2,-y+1/2,z+1/2;y+1/2,-x+1/2,z+1/2;x+1/2,-y+1/2,-z+1/2;-y+1/2,-x+1/2,-z+1/2;-x+1/2,y+1/2,-z+1/2;y+1/2,x+1/2,-z+1/2
98	I 41 2 2	I 41 2 2	I4122	I 4bw 2bw	x,y,z;-y,x+1/2,z+1/4;-x+1/2,-y+1/2,z+1/2;y+1/2,-x,z+3/4;x,-y+1/2,-z+1/4;-y,-x,-z;-x+1/2,y,-z+3/4;y+1/2,x+1/2,-z+1/2;x+1/2,y+1/2,z+1/2;-y+1/2,x,z+3/4;-x,-y,z;y,-x+1/2,z+1/4;x+1/2,-y,-z+3/4;-y+1/2,-x+1/2,-z+1/2;-x,y+1/2,-z+1/4;y,x,-z
99	P 4 m m	P 4 m m	P4mm	P 4 -2	x,y,z;-y,x,z;-x,-y,z;y,-x,z;-x,y,z;y,x,z;x,-y,z;-y,-x,z
100	P 4 b m	P 4 b m	P4bm	P 4 -2ab	x,y,z;-y,x,z;-x,-y,z;y,-x,z;-x+1/2,y+1/2,z;y+1/2,x+1/2,z;x+1/2,-y+1/2,z;-y+1/2,-x+1/2,z
101	P 42 c m	P 42 c m	P42cm	P 4c -2c	x,y,z;-y,x,z+1/2;-x,-y,z;y,-x,z+1/2;-x,y,z+1/2;y,x,z;x,-y,z+1/2;-y,-x,z
102	P 42 n m	P 42 n m	P42nm	P 4n -2n	x,y,z;-y+1/2,x+1/2,z+1/2;-x,-y,z;y+1/2,-x+1/2,z+1/2;-x+1/2,y+1/2,z+1/2;y,x,z;x+1/2,-y+1/2,z+1/2;-y,-x,z
103	P 4 c c	P 4 c c	P4cc	P 4 -2c	x,y,z;-y,x,z;-x,-y,z;y,-x,z;-x,y,z+1/2;y,x,z+1/2;x,-y,z+1/2;-y,-x,z+1/2
104	P 4 n c	P 4 n c	P4nc	P 4 -2n	x,y,z;-y,x,z;-x,-y,z;y,-x,z;-x+1/2,y+1/2,z+1/2;y+1/2,x+1/2,z+1/2;x+1/2,-y+1/2,z+1/2;-y+1/2,-x+1/2,z+1/2
105	P 42 m c	P 42 m c	P42mc	P 4c -2	x,y,z;-y,x,z+1/2;-x,-y,z;y,-x,z+1/2;-x,y,z;y,x,z+1/2;x,-y,z;-y,-x,z+1/2
106	P 42 b c	P 42 b c	P42bc	P 4c -2ab	x,y,z;-y,x,z+1/2;-x,-y,z;y,-x,z+1/2;-x+1/2,y+1/2,z;y+1/2,x+1/2,z+1/2;x+1/2,-y+1/2,z;-y+1/2,-x+1/2,z+1/2
107	I 4 m m	I 4 m m	I4mm	I 4 -2	x,y,z;-y,x,z;-x,-y,z;y,-x,z;-x,y,z;y,x,z;x,-y,z;-y,-x,z;x+1/2,y+1/2,z+1/2;-y+1/2,x+1/2,z+1/2;-x+1/2,-y+1/2,z+1/2;y+1/2,-x+1/2,z+1/2;-x+1/2,y+1/2,z+1/2;y+1/2,x+1/2,z+1/2;x+1/2,-y+1/2,z+1/2;-y+1/2,-x+1/2,z+1/2
108	I 4 c m	I 4 c m	I4cm	I 4 -2c	x,y,z;-y,x,z;-x,-y,z;y,-x,z;-x,y,z+1/2;y,x,z+1/2;x,-y,z+1/2;-y,-x,z+1/2;x+1/2,y+1/2,z+1/2;-y+1/2,x+1/2,z+1/2;-x+1/2,-y+1/2,z+1/2;y+1/2,-x+1/2,z+1/2;-x+1/2,y+1/2,z;y+1/2,x+1/2,z;x+1/2,-y+1/2,z;-y+1/2,-x+1/2,z
109	I 41 m d	I 41 m d	I41md	I 4bw -2	x,y,z;-y,x+1/2,z+1/4;-x+1/2,-y+1/2,z+1/2;y+1/2,-x,z+3/4;-x,y,z;y,x+1/2,z+1/4;x+1/2,-y+1/2,z+1/2;-y+1/2,-x,z+3/4;x+1/2,y+1/2,z+1/2;-y+1/2,x,z+3/4;-x,-y,z;y,-x+1/2,z+1/4;-x+1/2,y+1/2,z+1/2;y+1/2,x,z+3/4;x,-y,z;-y,-x+1/2,z+1/4
110	I 41 c d	I 41 c d	I41cd	I 4bw -2c	x,y,z;-y,x+1/2,z+1/4;-x+1/2,-y+1/2,z+1/2;y+1/2,-x,z+3/4;-x,y,z+1/2;y,x+1/2,z+3/4;x+1/2,-y+1/2,z;-y+1/2,-x,z+1/4;x+1/2,y+1/2,z+1/2;-y+1/2,x,z+3/4;-x,-y,z;y,-x+1/2,z+1/4;-x+1/2,y+1/2,z;y+1/2,x,z+1/4;x,-y,z+1/2;-y,-x+1/2,z+3/4
111	P -4 2 m	P -4 2 m	P-42m	P -4 2	x,y,z;y,-x,-z;-x,-y,z;-y,x,-z;x,-y,-z;y,x,z;-x,y,-z;-y,-x,z
112	P -4 2 c	P -4 2 c	P-42c	P -4 2c	x,y,z;y,-x,-z;-x,-y,z;-y,x,-z;x,-y,-z+1/2;y,x,z+1/2;-x,y,-z+1/2;-y,-x,z+1/2
113	P -4 21 m	P -4 21 m	P-421m	P -4 2ab	x,y,z;y,-x,-z;-x,-y,z;-y,x,-z;x+1/2,-y+1/2,-z;y+1/2,x+1/2,z;-x+1/2,y+1/2,-z;-y+1/2,-x+1/2,z
114	P -4 21 c	P -4 21 c	P-421c	P -4 2n	x,y,z;y,-x,-z;-x,-y,z;-y,x,-z;x+1/2,-y+1/2,-z+1/2;y+1/2,x+1/2,z+1/2;-x+1/2,y+1/2,-z+1/2;-y+1/2,-x+1/2,z+1/2
115	P -4 m 2	P -4 m 2	P-4m2	P -4 -2	x,y,z;y,-x,-z;-x,-y,z;-y,x,-z;-x,y,z;-y,-x,-z;x,-y,z;y,x,-z
116	P -4 c 2	P -4 c 2	P-4c2	P -4 -2c	x,y,z;y,-x,-z;-x,-y,z;-y,x,-z;-x,y,z+1/2;-y,-x,-z+1/2;x,-y,z+1/2;y,x,-z+1/2
117	P -4 b 2	P -4 b 2	P-4b2	P -4 -2ab	x,y,z;y,-x,-z;-x,-y,z;-y,x,-z;-x+1/2,y+1/2,z;-y+1/2,-x+1/2,-z;x+1/2,-y+1/2,z;y+1/2,x+1/2,-z
118	P -4 n 2	P -4 n 2	P-4n2	P -4 -2n	x,y,z;y,-x,-z;-x,-y,z;-y,x,-z;-x+1/2,y+1/2,z+1/2;-y+1/2,-x+1/2,-z+1/2;x+1/2,-y+1/2,z+1/2;y+1/2,x+1/2,-z+1/2
119	I -4 m 2	I -4 m 2	I-4m2	I -4 -2	x,y,z;y,-x,-z;-x,-y,z;-y,x,-z;-x,y,z;-y,-x,-z;x,-y,z;y,x,-z;x+1/2,y+1/2,z+1/2;y+1/2,-x+1/2,-z+1/2;-x+1/2,-y+1/2,z+1/2;-y+1/2,x+1/2,-z+1/2;-x+1/2,y+1/2,z+1/2;-y+1/2,-x+1/2,-z+1/2;x+1/2,-y+1/2,z+1/2;y+1/2,x+1/2,-z+1/2
120	I -4 c 2	I -4 c 2	I-4c2	I -4 -2c	x,y,z;y,-x,-z;-x,-y,z;-y,x,-z;-x,y,z+1/2;-y,-x,-z+1/2;x,-y,z+1/2;y,x,-z+1/2;x+1/2,y+1/2,z+1/2;y+1/2,-x+1/2,-z+1/2;-x+1/2,-y+1/2,z+1/2;-y+1/2,x+1/2,-z+1/2;-x+1/2,y+1/2,z;-y+1/2,-x+1/2,-z;x+1/2,-y+1/2,z;y+1/2,x+1/2,-z
121	I -4 2 m	I -4 2 m	I-42m	I -4 2	x,y,z;y,-x,-z;-x,-y,z;-y,x,-z;x,-y,-z;y,x,z;-x,y,-z;-y,-x,z;x+1/2,y+1/2,z+1/2;y+1/2,-x+1/2,-z+1/2;-x+1/2,-y+1/2,z+1/2;-y+1/2,x+1/2,-z+1/2;x+1/2,-y+1/2,-z+1/2;y+1/2,x+1/2,z+1/2;-x+1/2,y+1/2,-z+1/2;-y+1/2,-x+1/2,z+1/2
122	I -4 2 d	I -4 2 d	I-42d	I -4 2bw	x,y,z;y,-x,-z;-x,-y,z;-y,x,-z;x,-y+1/2,-z+1/4;y,x+1/2,z+1/4;-x,y+1/2,-z+1/4;-y,-x+1/2,z+1/4;x+1/2,y+1/2,z+1/2;y+1/2,-x+1/2,-z+1/2;-x+1/2,-y+1/2,z+1/2;-y+1/2,x+1/2,-z+1/2;x+1/2,-y,-z+3/4;y+1/2,x,z+3/4;-x+1/2,y,-z+3/4;-y+1/2,-x,z+3/4
123	P 4/m m m	P 4/m m m	P4/mmm	-P 4 2	x,y,z;-y,x,z;-x,-y,z;y,-x,z;x,-y,-z;-y,-x,-z;-x,y,-z;y,x,-z;-x,-y,-z;y,-x,-z;x,y,-z;-y,x,-z;-x,y,z;y,x,z;x,-y,z;-y,-x,z
124	P 4/m c c	P 4/m c c	P4/mcc	-P 4 2c	x,y,z;-y,x,z;-x,-y,z;y,-x,z;x,-y,-z+1/2;-y,-x,-z+1/2;-x,y,-z+1/2;y,x,-z+1/2;-x,-y,-z;y,-x,-z;x,y,-z;-y,x,-z;-x,y,z+1/2;y,x,z+1/2;x,-y,z+1/2;-y,-x,z+1/2
125	P 4/n b m	P 4/n b m:1	P4/nbm	P 4 2 -1ab	x,y,z;-y,x,z;-x,-y,z;y,-x,z;x,-y,-z;-y,-x,-z;-x,y,-z;y,x,-z;-x+1/2,-y+1/2,-z;y+1/2,-x+1/2,-z;x+1/2,y+1/2,-z;-y+1/2,x+1/2,-z;-x+1/2,y+1/2,z;y+1/2,x+1/2,z;x+1/2,-y+1/2,z;-y+1/2,-x+1/2,z
125	P 4/n b m	P 4/n b m:2	P4/nbm	-P 4a 2b	x,y,z;-y+1/2,x,z;-x+1/2,-y+1/2,z;y,-x+1/2,z;x,-y+1/2,-z;-y+1/2,-x+1/2,-z;-x+1/2,y,-z;y,x,-z;-x,-y,-z;y+1/2,-x,-z;x+1/2,y+1/2,-z;-y,x+1/2,-z;-x,y+1/2,z;y+1/2,x+1/2,z;x+1/2,-y,z;-y,-x,z
126	P 4/n n c	P 4/n n c:1	P4/nnc	P 4 2 -1n	x,y,z;-y,x,z;-x,-y,z;y,-x,z;x,-y,-z;-y,-x,-z;-x,y,-z;y,x,-z;-x+1/2,-y+1/2,-z+1/2;y+1/2,-x+1/2,-z+1/2;x+1/2,y+1/2,-z+1/2;-y+1/2,x+1/2,-z+1/2;-x+1/2,y+1/2,z+1/2;y+1/2,x+1/2,z+1/2;x+1/2,-y+1/2,z+1/2;-y+1/2,-x+1/2,z+1/2
126	P 4/n n c	P 4/n n c:2	P4/nnc	-P 4a 2bc	x,y,z;-y+1/2,x,z;-x+1/2,-y+1/2,z;y,-x+1/2,z;x,-y+1/2,-z+1/2;-y+1/2,-x+1/2,-z+1/2;-x+1/2,y,-z+1/2;y,x,-z+1/2;-x,-y,-z;y+1/2,-x,-z;x+1/2,y+1/2,-z;-y,x+1/2,-z;-x,y+1/2,z+1/2;y+1/2,x+1/2,z+1/2;x+1/2,-y,z+1/2;-y,-x,z+1/2
127	P 4/m b m	P 4/m b m	P4/mbm	-P 4 2ab	x,y,z;-y,x,z;-x,-y,z;y,-x,z;x+1/2,-y+1/2,-z;-y+1/2,-x+1/2,-z;-x+1/2,y+1/2,-z;y+1/2,x+1/2,-z;-x,-y,-z;y,-x,-z;x,y,-z;-y,x,-z;-x+1/2,y+1/2,z;y+1/2,x+1/2,z;x+1/2,-y+1/2,z;-y+1/2,-x+1/2,z
128	P 4/m n c	P 4/m n c	P4/mnc	-P 4 2n	x,y,z;-y,x,z;-x,-y,z;y,-x,z;x+1/2,-y+1/2,-z+1/2;-y+1/2,-x+1/2,-z+1/2;-x+1/2,y+1/2,-z+1/2;y+1/2,x+1/2,-z+1/2;-x,-y,-z;y,-x,-z;x,y,-z;-y,x,-z;-x+1/2,y+1/2,z+1/2;y+1/2,x+1/2,z+1/2;x+1/2,-y+1/2,z+1/2;-y+1/2,-x+1/2,z+1/2
129	P 4/n m m	P 4/n m m:1	P4/nmm	P 4ab 2ab -1ab	x,y,z;-y+1/2,x+1/2,z;-x,-y,z;y+1/2,-x+1/2,z;x+1/2,-y+1/2,-z;-y,-x,-z;-x+1/2,y+1/2,-z;y,x,-z;-x+1/2,-y+1/2,-z;y,-x,-z;x+1/2,y+1/2,-z;-y,x,-z;-x,y,z;y+1/2,x+1/2,z;x,-y,z;-y+1/2,-x+1/2,z
129	P 4/n m m	P 4/n m m:2	P4/nmm	-P 4a 2a	x,y,z;-y+1/2,x,z;-x+1/2,-y+1/2,z;y,-x+1/2,z;x+1/2,-y,-z;-y,-x,-z;-x,y+1/2,-z;y+1/2,x+1/2,-z;-x,-y,-z;y+1/2,-x,-z;x+1/2,y+1/2,-z;-y,x+1/2,-z;-x+1/2,y,z;y,x,z;x,-y+1/2,z;-y+1/2,-x+1/2,z
130	P 4/n c c	P 4/n c c:1	P4/ncc	P 4ab 2n -1ab	x,y,z;-y+1/2,x+1/2,z;-x,-y,z;y+1/2,-x+1/2,z;x+1/2,-y+1/2,-z+1/2;-y,-x,-z+1/2;-x+1/2,y+1/2,-z+1/2;y,x,-z+1/2;-x+1/2,-y+1/2,-z;y,-x,-z;x+1/2,y+1/2,-z;-y,x,-z;-x,y,z+1/2;y+1/2,x+1/2,z+1/2;x,-y,z+1/2;-y+1/2,-x+1/2,z+1/2
130	P 4/n c c	P 4/n c c:2	P4/ncc	-P 4a 2ac	x,y,z;-y+1/2,x,z;-x+1/2,-y+1/2,z;y,-x+1/2,z;x+1/2,-y,-z+1/2;-y,-x,-z+1/2;-x,y+1/2,-z+1/2;y+1/2,x+1/2,-z+1/2;-x,-y,-z;y+1/2,-x,-z;x+1/2,y+1/2,-z;-y,x+1/2,-z;-x+1/2,y,z+1/2;y,x,z+1/2;x,-y+1/2,z+1/2;-y+1/2,-x+1/2,z+1/2
131	P 42/m m c	P 42/m m c	P42/mmc	-P 4c 2	x,y,z;-y,x,z+1/2;-x,-y,z;y,-x,z+1/2;x,-y,-z;-y,-x,-z+1/2;-x,y,-z;y,x,-z+1/2;-x,-y,-z;y,-x,-z+1/2;x,y,-z;-y,x,-z+1/2;-x,y,z;y,x,z+1/2;x,-y,z;-y,-x,z+1/2
132	P 42/m c m	P 42/m c m	P42/mcm	-P 4c 2c	x,y,z;-y,x,z+1/2;-x,-y,z;y,-x,z+1/2;x,-y,-z+1/2;-y,-x,-z;-x,y,-z+1/2;y,x,-z;-x,-y,-z;y,-x,-z+1/2;x,y,-z;-y,x,-z+1/2;-x,y,z+1/2;y,x,z;x,-y,z+1/2;-y,-x,z
133	P 42/n b c	P 42/n b c:1	P42/nbc	P 4n 2c -1n	x,y,z;-y+1/2,x+1/2,z+1/2;-x,-y,z;y+1/2,-x+1/2,z+1/2;x,-y,-z+1/2;-y+1/2,-x+1/2,-z;-x,y,-z+1/2;y+1/2,x+1/2,-z;-x+1/2,-y+1/2,-z+1/2;y,-x,-z;x+1/2,y+1/2,-z+1/2;-y,x,-z;-x+1/2,y+1/2,z;y,x,z+1/2;x+1/2,-y+1/2,z;-y,-x,z+1/2
133	P 42/n b c	P 42/n b c:2	P42/nbc	-P 4ac 2b	x,y,z;-y+1/2,x,z+1/2;-x+1/2,-y+1/2,z;y,-x+1/2,z+1/2;x,-y+1/2,-z;-y+1/2,-x+1/2,-z+1/2;-x+1/2,y,-z;y,x,-z+1/2;-x,-y,-z;y+1/2,-x,-z+1/2;x+1/2,y+1/2,-z;-y,x+1/2,-z+1/2;-x,y+1/2,z;y+1/2,x+1/2,z+1/2;x+1/2,-y,z;-y,-x,z+1/2
134	P 42/n n m	P 42/n n m:1	P42/nnm	P 4n 2 -1n	x,y,z;-y+1/2,x+1/2,z+1/2;-x,-y,z;y+1/2,-x+1/2,z+1/2;x,-y,-z;-y+1/2,-x+1/2,-z+1/2;-x,y,-z;y+1/2,x+1/2,-z+1/2;-x+1/2,-y+1/2,-z+1/2;y,-x,-z;x+1/2,y+1/2,-z+1/2;-y,x,-z;-x+1/2,y+1/2,z+1/2;y,x,z;x+1/2,-y+1/2,z+1/2;-y,-x,z
134	P 42/n n m	P 42/n n m:2	P42/nnm	-P 4ac 2bc	x,y,z;-y+1/2,x,z+1/2;-x+1/2,-y+1/2,z;y,-x+1/2,z+1/2;x,-y+1/2,-z+1/2;-y+1/2,-x+1/2,-z;-x+1/2,y,-z+1/2;y,x,-z;-x,-y,-z;y+1/2,-x,-z+1/2;x+1/2,y+1/2,-z;-y,x+1/2,-z+1/2;-x,y+1/2,z+1/2;y+1/2,x+1/2,z;x+1/2,-y,z+1/2;-y,-x,z
135	P 42/m b c	P 42/m b c	P42/mbc	-P 4c 2ab	x,y,z;-y,x,z+1/2;-x,-y,z;y,-x,z+1/2;x+1/2,-y+1/2,-z;-y+1/2,-x+1/2,-z+1/2;-x+1/2,y+1/2,-z;y+1/2,x+1/2,-z+1/2;-x,-y,-z;y,-x,-z+1/2;x,y,-z;-y,x,-z+1/2;-x+1/2,y+1/2,z;y+1/2,x+1/2,z+1/2;x+1/2,-y+1/2,z;-y+1/2,-x+1/2,z+1/2
136	P 42/m n m	P 42/m n m	P42/mnm	-P 4n 2n	x,y,z;-y+1/2,x+1/2,z+1/2;-x,-y,z;y+1/2,-x+1/2,z+1/2;x+1/2,-y+1/2,-z+1/2;-y,-x,-z;-x+1/2,y+1/2,-z+1/2;y,x,-z;-x,-y,-z;y+1/2,-x+1/2,-z+1/2;x,y,-z;-y+1/2,x+1/2,-z+1/2;-x+1/2,y+1/2,z+1/2;y,x,z;x+1/2,-y+1/2,z+1/2;-y,-x,z
137	P 42/n m c	P 42/n m c:1	P42/nmc	P 4n 2n -1n	x,y,z;-y+1/2,x+1/2,z+1/2;-x,-y,z;y+1/2,-x+1/2,z+1/2;x+1/2,-y+1/2,-z+1/2;-y,-x,-z;-x+1/2,y+1/2,-z+1/2;y,x,-z;-x+1/2,-y+1/2,-z+1/2;y,-x,-z;x+1/2,y+1/2,-z+1/2;-y,x,-z;-x,y,z;y+1/2,x+1/2,z+1/2;x,-y,z;-y+1/2,-x+1/2,z+1/2
137	P 42/n m c	P 42/n m c:2	P42/nmc	-P 4ac 2a	x,y,z;-y+1/2,x,z+1/2;-x+1/2,-y+1/2,z;y,-x+1/2,z+1/2;x+1/2,-y,-z;-y,-x,-z+1/2;-x,y+1/2,-z;y+1/2,x+1/2,-z+1/2;-x,-y,-z;y+1/2,-x,-z+1/2;x+1/2,y+1/2,-z;-y,x+1/2,-z+1/2;-x+1/2,y,z;y,x,z+1/2;x,-y+1/2,z;-y+1/2,-x+1/2,z+1/2
138	P 42/n c m	P 42/n c m:1	P42/ncm	P 4n 2ab -1n	x,y,z;-y+1/2,x+1/2,z+1/2;-x,-y,z;y+1/2,-x+1/2,z+1/2;x+1/2,-y+1/2,-z;-y,-x,-z+1/2;-x+1/2,y+1/2,-z;y,x,-z+1/2;-x+1/2,-y+1/2,-z+1/2;y,-x,-z;x+1/2,y+1/2,-z+1/2;-y,x,-z;-x,y,z+1/2;y+1/2,x+1/2,z;x,-y,z+1/2;-y+1/2,-x+1/2,z
138	P 42/n c m	P 42/n c m:2	P42/ncm	-P 4ac 2ac	x,y,z;-y+1/2,x,z+1/2;-x+1/2,-y+1/2,z;y,-x+1/2,z+1/2;x+1/2,-y,-z+1/2;-y,-x,-z;-x,y+1/2,-z+1/2;y+1/2,x+1/2,-z;-x,-y,-z;y+1/2,-x,-z+1/2;x+1/2,y+1/2,-z;-y,x+1/2,-z+1/2;-x+1/2,y,z+1/2;y,x,z;x,-y+1/2,z+1/2;-y+1/2,-x+1/2,z
139	I 4/m m m	I 4/m m m	I4/mmm	-I 4 2	x,y,z;-y,x,z;-x,-y,z;y,-x,z;x,-y,-z;-y,-x,-z;-x,y,-z;y,x,-z;-x,-y,-z;y,-x,-z;x,y,-z;-y,x,-z;-x,y,z;y,x,z;x,-y,z;-y,-x,z;x+1/2,y+1/2,z+1/2;-y+1/2,x+1/2,z+1/2;-x+1/2,-y+1/2,z+1/2;y+1/2,-x+1/2,z+1/2;x+1/2,-y+1/2,-z+1/2;-y+1/2,-x+1/2,-z+1/2;-x+1/2,y+1/2,-z+1/2;y+1/2,x+1/2,-z+1/2;-x+1/2,-y+1/2,-z+1/2;y+1/2,-x+1/2,-z+1/2;x+1/2,y+1/2,-z+1/2;-y+1/2,x+1/2,-z+1/2;-x+1/2,y+1/2,z+1/2;y+1/2,x+1/2,z+1/2;x+1/2,-y+1/2,z+1/2;-y+1/2,-x+1/2,z+1/2
140	I 4/m c m	I 4/m c m	I4/mcm	-I 4 2c	x,y,z;-y,x,z;-x,-y,z;y,-x,z;x,-y,-z+1/2;-y,-x,-z+1/2;-x,y,-z+1/2;y,x,-z+1/2;-x,-y,-z;y,-x,-z;x,y,-z;-y,x,-z;-x,y,z+1/2;y,x,z+1/2;x,-y,z+1/2;-y,-x,z+1/2;x+1/2,y+1/2,z+1/2;-y+1/2,x+1/2,z+1/2;-x+1/2,-y+1/2,z+1/2;y+1/2,-x+1/2,z+1/2;x+1/2,-y+1/2,-z;-y+1/2,-x+1/2,-z;-x+1/2,y+1/2,-z;y+1/2,x+1/2,-z;-x+1/2,-y+1/2,-z+1/2;y+1/2,-x+1/2,-z+1/2;x+1/2,y+1/2,-z+1/2;-y+1/2,x+1/2,-z+1/2;-x+1/2,y+1/2,z;y+1/2,x+1/2,z;x+1/2,-y+1/2,z;-y+1/2,-x+1/2,z
141	I 41/a m d	I 41/a m d:1	I41/amd	I 4bw 2bw -1bw	x,y,z;-y,x+1/2,z+1/4;-x+1/2,-y+1/2,z+1/2;y+1/2,-x,z+3/4;x,-y+1/2,-z+1/4;-y,-x,-z;-x+1/2,y,-z+3/4;y+1/2,x+1/2,-z+1/2;-x,-y+1/2,-z+1/4;y,-x,-z;x+1/2,y,-z+3/4;-y+1/2,x+1/2,-z+1/2;-x,y,z;y,x+1/2,z+1/4;x+1/2,-y+1/2,z+1/2;-y+1/2,-x,z+3/4;x+1/2,y+1/2,z+1/2;-y+1/2,x,z+3/4;-x,-y,z;y,-x+1/2,z+1/4;x+1/2,-y,-z+3/4;-y+1/2,-x+1/2,-z+1/2;-x,y+1/2,-z+1/4;y,x,-z;-x+1/2,-y,-z+3/4;y+1/2,-x+1/2,-z+1/2;x,y+1/2,-z+1/4;-y,x,-z;-x+1/2,y+1/2,z+1/2;y+1/2,x,z+3/4;x,-y,z;-y,-x+1/2,z+1/4
141	I 41/a m d	I 41/a m d:2	I41/amd	-I 4bd 2	x,y,z;-y+1/4,x+3/4,z+1/4;-x+1/2,-y,z+1/2;y+1/4,-x+1/4,z+3/4;x,-y,-z;-y+1/4,-x+1/4,-z+3/4;-x+1/2,y,-z+1/2;y+1/4,x+3/4,-z+1/4;-x,-y,-z;y+3/4,-x+1/4,-z+3/4;x+1/2,y,-z+1/2;-y+3/4,x+3/4,-z+1/4;-x,y,z;y+3/4,x+3/4,z+1/4;x+1/2,-y,z+1/2;-y+3/4,-x+1/4,z+3/4;x+1/2,y+1/2,z+1/2;-y+3/4,x+1/4,z+3/4;-x,-y+1/2,z;y+3/4,-x+3/4,z+1/4;x+1/2,-y+1/2,-z+1/2;-y+3/4,-x+3/4,-z+1/4;-x,y+1/2,-z;y+3/4,x+1/4,-z+3/4;-x+1/2,-y+1/2,-z+1/2;y+1/4,-x+3/4,-z+1/4;x,y+1/2,-z;-y+1/4,x+1/4,-z+3/4;-x+1/2,y+1/2,z+1/2;y+1/4,x+1/4,z+3/4;x,-y+1/2,z;-y+1/4,-x+3/4,z+1/4
142	I 41/a c d	I 41/a c d:1	I41/acd	I 4bw 2aw -1bw	x,y,z;-y,x+1/2,z+1/4;-x+1/2,-y+1/2,z+1/2;y+1/2,-x,z+3/4;x+1/2,-y,-z+1/4;-y+1/2,-x+1/2,-z;-x,y+1/2,-z+3/4;y,x,-z+1/2;-x,-y+1/2,-z+1/4;y,-x,-z;x+1/2,y,-z+3/4;-y+1/2,x+1/2,-z+1/2;-x+1/2,y+1/2,z;y+1/2,x,z+1/4;x,-y,z+1/2;-y,-x+1/2,z+3/4;x+1/2,y+1/2,z+1/2;-y+1/2,x,z+3/4;-x,-y,z;y,-x+1/2,z+1/4;x,-y+1/2,-z+3/4;-y,-x,-z+1/2;-x+1/2,y,-z+1/4;y+1/2,x+1/2,-z;-x+1/2,-y,-z+3/4;y+1/2,-x+1/2,-z+1/2;x,y+1/2,-z+1/4;-y,x,-z;-x,y,z+1/2;y,x+1/2,z+3/4;x+1/2,-y+1/2,z;-y+1/2,-x,z+1/4
142	I 41/a c d	I 41/a c d:2	I41/acd	-I 4bd 2c	x,y,z;-y+1/4,x+3/4,z+1/4;-x+1/2,-y,z+1/2;y+1/4,-x+1/4,z+3/4;x,-y,-z+1/2;-y+1/4,-x+1/4,-z+1/4;-x+1/2,y,-z;y+1/4,x+3/4,-z+3/4;-x,-y,-z;y+3/4,-x+1/4,-z+3/4;x+1/2,y,-z+1/2;-y+3/4,x+3/4,-z+1/4;-x,y,z+1/2;y+3/4,x+3/4,z+3/4;x+1/2,-y,z;-y+3/4,-x+1/4,z+1/4;x+1/2,y+1/2,z+1/2;-y+3/4,x+1/4,z+3/4;-x,-y+1/2,z;y+3/4,-x+3/4,z+1/4;x+1/2,-y+1/2,-z;-y+3/4,-x+3/4,-z+3/4;-x,y+1/2,-z+1/2;y+3/4,x+1/4,-z+1/4;-x+1/2,-y+1/2,-z+1/2;y+1/4,-x+3/4,-z+1/4;x,y+1/2,-z;-y+1/4,x+1/4,-z+3/4;-x+1/2,y+1/2,z;y+1/4,x+1/4,z+1/4;x,-y+1/2,z+1/2;-y+1/4,-x+3/4,z+3/4
143	P 3	P 3	P3	P 3	x,y,z;-y,x-y,z;-x+y,-x,z
144	P 31	P 31	P31	P 31	x,y,z;-y,x-y,z+1/3;-x+y,-x,z+2/3
145	P 32	P 32	P32	P 32	x,y,z;-y,x-y,z+2/3;-x+y,-x,z+1/3
146	R 3	R 3:H	H3	R 3	x,y,z;-y,x-y,z;-x+y,-x,z;x+2/3,y+1/3,z+1/3;-y+2/3,x-y+1/3,z+1/3;-x+y+2/3,-x+1/3,z+1/3;x+1/3,y+2/3,z+2/3;-y+1/3,x-y+2/3,z+2/3;-x+y+1/3,-x+2/3,z+2/3
146	R 3	R 3:R	R3	P 3*	x,y,z;z,x,y;y,z,x
147	P -3	P -3	P-3	-P 3	x,y,z;-y,x-y,z;-x+y,-x,z;-x,-y,-z;y,-x+y,-z;x-y,x,-z
148	R -3	R -3:H	H-3	-R 3	x,y,z;-y,x-y,z;-x+y,-x,z;-x,-y,-z;y,-x+y,-z;x-y,x,-z;x+2/3,y+1/3,z+1/3;-y+2/3,x-y+1/3,z+1/3;-x+y+2/3,-x+1/3,z+1/3;-x+2/3,-y+1/3,-z+1/3;y+2/3,-x+y+1/3,-z+1/3;x-y+2/3,x+1/3,-z+1/3;x+1/3,y+2/3,z+2/3;-y+1/3,x-y+2/3,z+2/3;-x+y+1/3,-x+2/3,z+2/3;-x+1/3,-y+2/3,-z+2/3;y+1/3,-x+y+2/3,-z+2/3;x-y+1/3,x+2/3,-z+2/3
148	R -3	R -3:R	R-3	-P 3*	x,y,z;z,x,y;y,z,x;-x,-y,-z;-z,-x,-y;-y,-z,-x
149	P 3 1 2	P 3 1 2	P312	P 3 2	x,y,z;-y,x-y,z;-x+y,-x,z;-y,-x,-z;-x+y,y,-z;x,x-y,-z
150	P 3 2 1	P 3 2 1	P321	P 3 2"	x,y,z;-y,x-y,z;-x+y,-x,z;y,x,-z;x-y,-y,-z;-x,-x+y,-z
151	P 31 1 2	P 31 1 2	P3112	P 31 2 (0 0 4)	x,y,z;-y,x-y,z+1/3;-x+y,-x,z+2/3;-y,-x,-z+2/3;-x+y,y,-z+1/3;x,x-y,-z
152	P 31 2 1	P 31 2 1	P3121	P 31 2"	x,y,z;-y,x-y,z+1/3;-x+y,-x,z+2/3;y,x,-z;x-y,-y,-z+2/3;-x,-x+y,-z+1/3
153	P 32 1 2	P 32 1 2	P3212	P 32 2 (0 0 2)	x,y,z;-y,x-y,z+2/3;-x+y,-x,z+1/3;-y,-x,-z+1/3;-x+y,y,-z+2/3;x,x-y,-z
154	P 32 2 1	P 32 2 1	P3221	P 32 2"	x,y,z;-y,x-y,z+2/3;-x+y,-x,z+1/3;y,x,-z;x-y,-y,-z+1/3;-x,-x+y,-z+2/3
155	R 3 2	R 3 2:H	H32	R 3 2"	x,y,z;-y,x-y,z;-x+y,-x,z;y,x,-z;x-y,-y,-z;-x,-x+y,-z;x+2/3,y+1/3,z+1/3;-y+2/3,x-y+1/3,z+1/3;-x+y+2/3,-x+1/3,z+1/3;y+2/3,x+1/3,-z+1/3;x-y+2/3,-y+1/3,-z+1/3;-x+2/3,-x+y+1/3,-z+1/3;x+1/3,y+2/3,z+2/3;-y+1/3,x-y+2/3,z+2/3;-x+y+1/3,-x+2/3,z+2/3;y+1/3,x+2/3,-z+2/3;x-y+1/3,-y+2/3,-z+2/3;-x+1/3,-x+y+2/3,-z+2/3
155	R 3 2	R 3 2:R	R32	P 3* 2	x,y,z;z,x,y;y,z,x;-y,-x,-z;-x,-z,-y;-z,-y,-x
156	P 3 m 1	P 3 m 1	P3m1	P 3 -2"	x,y,z;-y,x-y,z;-x+y,-x,z;-y,-x,z;-x+y,y,z;x,x-y,z
157	P 3 1 m	P 3 1 m	P31m	P 3 -2	x,y,z;-y,x-y,z;-x+y,-x,z;y,x,z;x-y,-y,z;-x,-x+y,z
158	P 3 c 1	P 3 c 1	P3c1	P 3 -2"c	x,y,z;-y,x-y,z;-x+y,-x,z;-y,-x,z+1/2;-x+y,y,z+1/2;x,x-y,z+1/2
159	P 3 1 c	P 3 1 c	P31c	P 3 -2c	x,y,z;-y,x-y,z;-x+y,-x,z;y,x,z+1/2;x-y,-y,z+1/2;-x,-x+y,z+1/2
160	R 3 m	R 3 m:H	H3m	R 3 -2"	x,y,z;-y,x-y,z;-x+y,-x,z;-y,-x,z;-x+y,y,z;x,x-y,z;x+2/3,y+1/3,z+1/3;-y+2/3,x-y+1/3,z+1/3;-x+y+2/3,-x+1/3,z+1/3;-y+2/3,-x+1/3,z+1/3;-x+y+2/3,y+1/3,z+1/3;x+2/3,x-y+1/3,z+1/3;x+1/3,y+2/3,z+2/3;-y+1/3,x-y+2/3,z+2/3;-x+y+1/3,-x+2/3,z+2/3;-y+1/3,-x+2/3,z+2/3;-x+y+1/3,y+2/3,z+2/3;x+1/3,x-y+2/3,z+2/3
160	R 3 m	R 3 m:R	R3m	P 3* -2	x,y,z;z,x,y;y,z,x;y,x,z;x,z,y;z,y,x
161	R 3 c	R 3 c:H	H3c	R 3 -2"c	x,y,z;-y,x-y,z;-x+y,-x,z;-y,-x,z+1/2;-x+y,y,z+1/2;x,x-y,z+1/2;x+2/3,y+1/3,z+1/3;-y+2/3,x-y+1/3,z+1/3;-x+y+2/3,-x+1/3,z+1/3;-y+2/3,-x+1/3,z+5/6;-x+y+2/3,y+1/3,z+5/6;x+2/3,x-y+1/3,z+5/6;x+1/3,y+2/3,z+2/3;-y+1/3,x-y+2/3,z+2/3;-x+y+1/3,-x+2/3,z+2/3;-y+1/3,-x+2/3,z+1/6;-x+y+1/3,y+2/3,z+1/6;x+1/3,x-y+2/3,z+1/6
161	R 3 c	R 3 c:R	R3c	P 3* -2n	x,y,z;z,x,y;y,z,x;y+1/2,x+1/2,z+1/2;x+1/2,z+1/2,y+1/2;z+1/2,y+1/2,x+1/2
162	P -3 1 m	P -3 1 m	P-31m	-P 3 2	x,y,z;-y,x-y,z;-x+y,-x,z;-y,-x,-z;-x+y,y,-z;x,x-y,-z;-x,-y,-z;y,-x+y,-z;x-y,x,-z;y,x,z;x-y,-y,z;-x,-x+y,z
163	P -3 1 c	P -3 1 c	P-31c	-P 3 2c	x,y,z;-y,x-y,z;-x+y,-x,z;-y,-x,-z+1/2;-x+y,y,-z+1/2;x,x-y,-z+1/2;-x,-y,-z;y,-x+y,-z;x-y,x,-z;y,x,z+1/2;x-y,-y,z+1/2;-x,-x+y,z+1/2
164	P -3 m 1	P -3 m 1	P-3m1	-P 3 2"	x,y,z;-y,x-y,z;-x+y,-x,z;y,x,-z;x-y,-y,-z;-x,-x+y,-z;-x,-y,-z;y,-x+y,-z;x-y,x,-z;-y,-x,z;-x+y,y,z;x,x-y,z
165	P -3 c 1	P -3 c 1	P-3c1	-P 3 2"c	x,y,z;-y,x-y,z;-x+y,-x,z;y,x,-z+1/2;x-y,-y,-z+1/2;-x,-x+y,-z+1/2;-x,-y,-z;y,-x+y,-z;x-y,x,-z;-y,-x,z+1/2;-x+y,y,z+1/2;x,x-y,z+1/2
166	R -3 m	R -3 m:H	H-3m	-R 3 2"	x,y,z;-y,x-y,z;-x+y,-x,z;y,x,-z;x-y,-y,-z;-x,-x+y,-z;-x,-y,-z;y,-x+y,-z;x-y,x,-z;-y,-x,z;-x+y,y,z;x,x-y,z;x+2/3,y+1/3,z+1/3;-y+2/3,x-y+1/3,z+1/3;-x+y+2/3,-x+1/3,z+1/3;y+2/3,x+1/3,-z+1/3;x-y+2/3,-y+1/3,-z+1/3;-x+2/3,-x+y+1/3,-z+1/3;-x+2/3,-y+1/3,-z+1/3;y+2/3,-x+y+1/3,-z+1/3;x-y+2/3,x+1/3,-z+1/3;-y+2/3,-x+1/3,z+1/3;-x+y+2/3,y+1/3,z+1/3;x+2/3,x-y+1/3,z+1/3;x+1/3,y+2/3,z+2/3;-y+1/3,x-y+2/3,z+2/3;-x+y+1/3,-x+2/3,z+2/3;y+1/3,x+2/3,-z+2/3;x-y+1/3,-y+2/3,-z+2/3;-x+1/3,-x+y+2/3,-z+2/3;-x+1/3,-y+2/3,-z+2/3;y+1/3,-x+y+2/3,-z+2/3;x-y+1/3,x+2/3,-z+2/3;-y+1/3,-x+2/3,z+2/3;-x+y+1/3,y+2/3,z+2/3;x+1/3,x-y+2/3,z+2/3
166	R -3 m	R -3 m:R	R-3m	-P 3* 2	x,y,z;z,x,y;y,z,x;-y,-x,-z;-x,-z,-y;-z,-y,-x;-x,-y,-z;-z,-x,-y;-y,-z,-x;y,x,z;x,z,y;z,y,x
167	R -3 c	R -3 c:H	H-3c	-R 3 2"c	x,y,z;-y,x-y,z;-x+y,-x,z;y,x,-z+1/2;x-y,-y,-z+1/2;-x,-x+y,-z+1/2;-x,-y,-z;y,-x+y,-z;x-y,x,-z;-y,-x,z+1/2;-x+y,y,z+1/2;x,x-y,z+1/2;x+2/3,y+1/3,z+1/3;-y+2/3,x-y+1/3,z+1/3;-x+y+2/3,-x+1/3,z+1/3;y+2/3,x+1/3,-z+5/6;x-y+2/3,-y+1/3,-z+5/6;-x+2/3,-x+y+1/3,-z+5/6;-x+2/3,-y+1/3,-z+1/3;y+2/3,-x+y+1/3,-z+1/3;x-y+2/3,x+1/3,-z+1/3;-y+2/3,-x+1/3,z+5/6;-x+y+2/3,y+1/3,z+5/6;x+2/3,x-y+1/3,z+5/6;x+1/3,y+2/3,z+2/3;-y+1/3,x-y+2/3,z+2/3;-x+y+1/3,-x+2/3,z+2/3;y+1/3,x+2/3,-z+1/6;x-y+1/3,-y+2/3,-z+1/6;-x+1/3,-x+y+2/3,-z+1/6;-x+1/3,-y+2/3,-z+2/3;y+1/3,-x+y+2/3,-z+2/3;x-y+1/3,x+2/3,-z+2/3;-y+1/3,-x+2/3,z+1/6;-x+y+1/3,y+2/3,z+1/6;x+1/3,x-y+2/3,z+1/6
167	R -3 c	R -3 c:R	R-3c	-P 3* 2n	x,y,z;z,x,y;y,z,x;-y+1/2,-x+1/2,-z+1/2;-x+1/2,-z+1/2,-y+1/2;-z+1/2,-y+1/2,-x+1/2;-x,-y,-z;-z,-x,-y;-y,-z,-x;y+1/2,x+1/2,z+1/2;x+1/2,z+1/2,y+1/2;z+1/2,y+1/2,x+1/2
168	P 6	P 6	P6	P 6	x,y,z;x-y,x,z;-y,x-y,z;-x,-y,z;-x+y,-x,z;y,-x+y,z
169	P 61	P 61	P61	P 61	x,y,z;x-y,x,z+1/6;-y,x-y,z+1/3;-x,-y,z+1/2;-x+y,-x,z+2/3;y,-x+y,z+5/6
170	P 65	P 65	P65	P 65	x,y,z;x-y,x,z+5/6;-y,x-y,z+2/3;-x,-y,z+1/2;-x+y,-x,z+1/3;y,-x+y,z+1/6
171	P 62	P 62	P62	P 62	x,y,z;x-y,x,z+1/3;-y,x-y,z+2/3;-x,-y,z;-x+y,-x,z+1/3;y,-x+y,z+2/3
172	P 64	P 64	P64	P 64	x,y,z;x-y,x,z+2/3;-y,x-y,z+1/3;-x,-y,z;-x+y,-x,z+2/3;y,-x+y,z+1/3
173	P 63	P 63	P63	P 6c	x,y,z;x-y,x,z+1/2;-y,x-y,z;-x,-y,z+1/2;-x+y,-x,z;y,-x+y,z+1/2
174	P -6	P -6	P-6	P -6	x,y,z;-x+y,-x,-z;-y,x-y,z;x,y,-z;-x+y,-x,z;-y,x-y,-z
175	P 6/m	P 6/m	P6/m	-P 6	x,y,z;x-y,x,z;-y,x-y,z;-x,-y,z;-x+y,-x,z;y,-x+y,z;-x,-y,-z;-x+y,-x,-z;y,-x+y,-z;x,y,-z;x-y,x,-z;-y,x-y,-z
176	P 63/m	P 63/m	P63/m	-P 6c	x,y,z;x-y,x,z+1/2;-y,x-y,z;-x,-y,z+1/2;-x+y,-x,z;y,-x+y,z+1/2;-x,-y,-z;-x+y,-x,-z+1/2;y,-x+y,-z;x,y,-z+1/2;x-y,x,-z;-y,x-y,-z+1/2
177	P 6 2 2	P 6 2 2	P622	P 6 2	x,y,z;x-y,x,z;-y,x-y,z;-x,-y,z;-x+y,-x,z;y,-x+y,z;-y,-x,-z;-x,-x+y,-z;-x+y,y,-z;y,x,-z;x,x-y,-z;x-y,-y,-z
178	P 61 2 2	P 61 2 2	P6122	P 61 2 (0 0 5)	x,y,z;x-y,x,z+1/6;-y,x-y,z+1/3;-x,-y,z+1/2;-x+y,-x,z+2/3;y,-x+y,z+5/6;-y,-x,-z+5/6;-x,-x+y,-z+2/3;-x+y,y,-z+1/2;y,x,-z+1/3;x,x-y,-z+1/6;x-y,-y,-z
179	P 65 2 2	P 65 2 2	P6522	P 65 2 (0 0 1)	x,y,z;x-y,x,z+5/6;-y,x-y,z+2/3;-x,-y,z+1/2;-x+y,-x,z+1/3;y,-x+y,z+1/6;-y,-x,-z+1/6;-x,-x+y,-z+1/3;-x+y,y,-z+1/2;y,x,-z+2/3;x,x-y,-z+5/6;x-y,-y,-z
180	P 62 2 2	P 62 2 2	P6222	P 62 2 (0 0 4)	x,y,z;x-y,x,z+1/3;-y,x-y,z+2/3;-x,-y,z;-x+y,-x,z+1/3;y,-x+y,z+2/3;-y,-x,-z+2/3;-x,-x+y,-z+1/3;-x+y,y,-z;y,x,-z+2/3;x,x-y,-z+1/3;x-y,-y,-z
181	P 64 2 2	P 64 2 2	P6422	P 64 2 (0 0 2)	x,y,z;x-y,x,z+2/3;-y,x-y,z+1/3;-x,-y,z;-x+y,-x,z+2/3;y,-x+y,z+1/3;-y,-x,-z+1/3;-x,-x+y,-z+2/3;-x+y,y,-z;y,x,-z+1/3;x,x-y,-z+2/3;x-y,-y,-z
182	P 63 2 2	P 63 2 2	P6322	P 6c 2c	x,y,z;x-y,x,z+1/2;-y,x-y,z;-x,-y,z+1/2;-x+y,-x,z;y,-x+y,z+1/2;-y,-x,-z+1/2;-x,-x+y,-z;-x+y,y,-z+1/2;y,x,-z;x,x-y,-z+1/2;x-y,-y,-z
183	P 6 m m	P 6 m m	P6mm	P 6 -2	x,y,z;x-y,x,z;-y,x-y,z;-x,-y,z;-x+y,-x,z;y,-x+y,z;y,x,z;x,x-y,z;x-y,-y,z;-y,-x,z;-x,-x+y,z;-x+y,y,z
184	P 6 c c	P 6 c c	P6cc	P 6 -2c	x,y,z;x-y,x,z;-y,x-y,z;-x,-y,z;-x+y,-x,z;y,-x+y,z;y,x,z+1/2;x,x-y,z+1/2;x-y,-y,z+1/2;-y,-x,z+1/2;-x,-x+y,z+1/2;-x+y,y,z+1/2
185	P 63 c m	P 63 c m	P63cm	P 6c -2	x,y,z;x-y,x,z+1/2;-y,x-y,z;-x,-y,z+1/2;-x+y,-x,z;y,-x+y,z+1/2;y,x,z;x,x-y,z+1/2;x-y,-y,z;-y,-x,z+1/2;-x,-x+y,z;-x+y,y,z+1/2
186	P 63 m c	P 63 m c	P63mc	P 6c -2c	x,y,z;x-y,x,z+1/2;-y,x-y,z;-x,-y,z+1/2;-x+y,-x,z;y,-x+y,z+1/2;y,x,z+1/2;x,x-y,z;x-y,-y,z+1/2;-y,-x,z;-x,-x+y,z+1/2;-x+y,y,z
187	P -6 m 2	P -6 m 2	P-6m2	P -6 2	x,y,z;-x+y,-x,-z;-y,x-y,z;x,y,-z;-x+y,-x,z;-y,x-y,-z;-y,-x,-z;x,x-y,z;-x+y,y,-z;-y,-x,z;x,x-y,-z;-x+y,y,z
188	P -6 c 2	P -6 c 2	P-6c2	P -6c 2	x,y,z;-x+y,-x,-z+1/2;-y,x-y,z;x,y,-z+1/2;-x+y,-x,z;-y,x-y,-z+1/2;-y,-x,-z;x,x-y,z+1/2;-x+y,y,-z;-y,-x,z+1/2;x,x-y,-z;-x+y,y,z+1/2
189	P -6 2 m	P -6 2 m	P-62m	P -6 -2	x,y,z;-x+y,-x,-z;-y,x-y,z;x,y,-z;-x+y,-x,z;-y,x-y,-z;y,x,z;-x,-x+y,-z;x-y,-y,z;y,x,-z;-x,-x+y,z;x-y,-y,-z
190	P -6 2 c	P -6 2 c	P-62c	P -6c -2c	x,y,z;-x+y,-x,-z+1/2;-y,x-y,z;x,y,-z+1/2;-x+y,-x,z;-y,x-y,-z+1/2;y,x,z+1/2;-x,-x+y,-z;x-y,-y,z+1/2;y,x,-z;-x,-x+y,z+1/2;x-y,-y,-z
191	P 6/m m m	P 6/m m m	P6/mmm	-P 6 2	x,y,z;x-y,x,z;-y,x-y,z;-x,-y,z;-x+y,-x,z;y,-x+y,z;-y,-x,-z;-x,-x+y,-z;-x+y,y,-z;y,x,-z;x,x-y,-z;x-y,-y,-z;-x,-y,-z;-x+y,-x,-z;y,-x+y,-z;x,y,-z;x-y,x,-z;-y,x-y,-z;y,x,z;x,x-y,z;x-y,-y,z;-y,-x,z;-x,-x+y,z;-x+y,y,z
192	P 6/m c c	P 6/m c c	P6/mcc	-P 6 2c	x,y,z;x-y,x,z;-y,x-y,z;-x,-y,z;-x+y,-x,z;y,-x+y,z;-y,-x,-z+1/2;-x,-x+y,-z+1/2;-x+y,y,-z+1/2;y,x,-z+1/2;x,x-y,-z+1/2;x-y,-y,-z+1/2;-x,-y,-z;-x+y,-x,-z;y,-x+y,-z;x,y,-z;x-y,x,-z;-y,x-y,-z;y,x,z+1/2;x,x-y,z+1/2;x-y,-y,z+1/2;-y,-x,z+1/2;-x,-x+y,z+1/2;-x+y,y,z+1/2
193	P 63/m c m	P 63/m c m	P63/mcm	-P 6c 2	x,y,z;x-y,x,z+1/2;-y,x-y,z;-x,-y,z+1/2;-x+y,-x,z;y,-x+y,z+1/2;-y,-x,-z;-x,-x+y,-z+1/2;-x+y,y,-z;y,x,-z+1/2;x,x-y,-z;x-y,-y,-z+1/2;-x,-y,-z;-x+y,-x,-z+1/2;y,-x+y,-z;x,y,-z+1/2;x-y,x,-z;-y,x-y,-z+1/2;y,x,z;x,x-y,z+1/2;x-y,-y,z;-y,-x,z+1/2;-x,-x+y,z;-x+y,y,z+1/2
194	P 63/m m c	P 63/m m c	P63/mmc	-P 6c 2c	x,y,z;x-y,x,z+1/2;-y,x-y,z;-x,-y,z+1/2;-x+y,-x,z;y,-x+y,z+1/2;-y,-x,-z+1/2;-x,-x+y,-z;-x+y,y,-z+1/2;y,x,-z;x,x-y,-z+1/2;x-y,-y,-z;-x,-y,-z;-x+y,-x,-z+1/2;y,-x+y,-z;x,y,-z+1/2;x-y,x,-z;-y,x-y,-z+1/2;y,x,z+1/2;x,x-y,z;x-y,-y,z+1/2;-y,-x,z;-x,-x+y,z+1/2;-x+y,y,z
195	P 2 3	P 2 3	P23	P 2 2 3	x,y,z;-x,-y,z;x,-y,-z;-x,y,-z;z,x,y;z,-x,-y;-z,x,-y;-z,-x,y;y,z,x;-y,z,-x;-y,-z,x;y,-z,-x
196	F 2 3	F 2 3	F23	F 2 2 3	x,y,z;-x,-y,z;x,-y,-z;-x,y,-z;z,x,y;z,-x,-y;-z,x,-y;-z,-x,y;y,z,x;-y,z,-x;-y,-z,x;y,-z,-x;x,y+1/2,z+1/2;-x,-y+1/2,z+1/2;x,-y+1/2,-z+1/2;-x,y+1/2,-z+1/2;z,x+1/2,y+1/2;z,-x+1/2,-y+1/2;-z,x+1/2,-y+1/2;-z,-x+1/2,y+1/2;y,z+1/2,x+1/2;-y,z+1/2,-x+1/2;-y,-z+1/2,x+1/2;y,-z+1/2,-x+1/2;x+1/2,y,z+1/2;-x+1/2,-y,z+1/2;x+1/2,-y,-z+1/2;-x+1/2,y,-z+1/2;z+1/2,x,y+1/2;z+1/2,-x,-y+1/2;-z+1/2,x,-y+1/2;-z+1/2,-x,y+1/2;y+1/2,z,x+1/2;-y+1/2,z,-x+1/2;-y+1/2,-z,x+1/2;y+1/2,-z,-x+1/2;x+1/2,y+1/2,z;-x+1/2,-y+1/2,z;x+1/2,-y+1/2,-z;-x+1/2,y+1/2,-z;z+1/2,x+1/2,y;z+1/2,-x+1/2,-y;-z+1/2,x+1/2,-y;-z+1/2,-x+1/2,y;y+1/2,z+1/2,x;-y+1/2,z+1/2,-x;-y+1/2,-z+1/2,x;y+1/2,-z+1/2,-x
197	I 2 3	I 2 3	I23	I 2 2 3	x,y,z;-x,-y,z;x,-y,-z;-x,y,-z;z,x,y;z,-x,-y;-z,x,-y;-z,-x,y;y,z,x;-y,z,-x;-y,-z,x;y,-z,-x;x+1/2,y+1/2,z+1/2;-x+1/2,-y+1/2,z+1/2;x+1/2,-y+1/2,-z+1/2;-x+1/2,y+1/2,-z+1/2;z+1/2,x+1/2,y+1/2;z+1/2,-x+1/2,-y+1/2;-z+1/2,x+1/2,-y+1/2;-z+1/2,-x+1/2,y+1/2;y+1/2,z+1/2,x+1/2;-y+1/2,z+1/2,-x+1/2;-y+1/2,-z+1/2,x+1/2;y+1/2,-z+1/2,-x+1/2
198	P 21 3	P 21 3	P213	P 2ac 2ab 3	x,y,z;-x+1/2,-y,z+1/2;x+1/2,-y+1/2,-z;-x,y+1/2,-z+1/2;z,x,y;z+1/2,-x+1/2,-y;-z,x+1/2,-y+1/2;-z+1/2,-x,y+1/2;y,z,x;-y,z+1/2,-x+1/2;-y+1/2,-z,x+1/2;y+1/2,-z+1/2,-x
199	I 21 3	I 21 3	I213	I 2b 2c 3	x,y,z;-x,-y+1/2,z;x,-y,-z+1/2;-x,y+1/2,-z+1/2;z,x,y;z,-x,-y+1/2;-z+1/2,x,-y;-z+1/2,-x,y+1/2;y,z,x;-y+1/2,z,-x;-y,-z+1/2,x;y+1/2,-z+1/2,-x;x+1/2,y+1/2,z+1/2;-x+1/2,-y,z+1/2;x+1/2,-y+1/2,-z;-x+1/2,y,-z;z+1/2,x+1/2,y+1/2;z+1/2,-x+1/2,-y;-z,x+1/2,-y+1/2;-z,-x+1/2,y;y+1/2,z+1/2,x+1/2;-y,z+1/2,-x+1/2;-y+1/2,-z,x+1/2;y,-z,-x+1/2
200	P m -3	P m -3	Pm-3	-P 2 2 3	x,y,z;-x,-y,z;x,-y,-z;-x,y,-z;z,x,y;z,-x,-y;-z,x,-y;-z,-x,y;y,z,x;-y,z,-x;-y,-z,x;y,-z,-x;-x,-y,-z;x,y,-z;-x,y,z;x,-y,z;-z,-x,-y;-z,x,y;z,-x,y;z,x,-y;-y,-z,-x;y,-z,x;y,z,-x;-y,z,x
201	P n -3	P n -3:1	Pn-3	P 2 2 3 -1n	x,y,z;-x,-y,z;x,-y,-z;-x,y,-z;z,x,y;z,-x,-y;-z,x,-y;-z,-x,y;y,z,x;-y,z,-x;-y,-z,x;y,-z,-x;-x+1/2,-y+1/2,-z+1/2;x+1/2,y+1/2,-z+1/2;-x+1/2,y+1/2,z+1/2;x+1/2,-y+1/2,z+1/2;-z+1/2,-x+1/2,-y+1/2;-z+1/2,x+1/2,y+1/2;z+1/2,-x+1/2,y+1/2;z+1/2,x+1/2,-y+1/2;-y+1/2,-z+1/2,-x+1/2;y+1/2,-z+1/2,x+1/2;y+1/2,z+1/2,-x+1/2;-y+1/2,z+1/2,x+1/2
201	P n -3	P n -3:2	Pn-3	-P 2ab 2bc 3	x,y,z;-x+1/2,-y+1/2,z;x,-y+1/2,-z+1/2;-x+1/2,y,-z+1/2;z,x,y;z,-x+1/2,-y+1/2;-z+1/2,x,-y+1/2;-z+1/2,-x+1/2,y;y,z,x;-y+1/2,z,-x+1/2;-y+1/2,-z+1/2,x;y,-z+1/2,-x+1/2;-x,-y,-z;x+1/2,y+1/2,-z;-x,y+1/2,z+1/2;x+1/2,-y,z+1/2;-z,-x,-y;-z,x+1/2,y+1/2;z+1/2,-x,y+1/2;z+1/2,x+1/2,-y;-y,-z,-x;y+1/2,-z,x+1/2;y+1/2,z+1/2,-x;-y,z+1/2,x+1/2
202	F m -3	F m -3	Fm-3	-F 2 2 3	x,y,z;-x,-y,z;x,-y,-z;-x,y,-z;z,x,y;z,-x,-y;-z,x,-y;-z,-x,y;y,z,x;-y,z,-x;-y,-z,x;y,-z,-x;-x,-y,-z;x,y,-z;-x,y,z;x,-y,z;-z,-x,-y;-z,x,y;z,-x,y;z,x,-y;-y,-z,-x;y,-z,x;y,z,-x;-y,z,x;x,y+1/2,z+1/2;-x,-y+1/2,z+1/2;x,-y+1/2,-z+1/2;-x,y+1/2,-z+1/2;z,x+1/2,y+1/2;z,-x+1/2,-y+1/2;-z,x+1/2,-y+1/2;-z,-x+1/2,y+1/2;y,z+1/2,x+1/2;-y,z+1/2,-x+1/2;-y,-z+1/2,x+1/2;y,-z+1/2,-x+1/2;-x,-y+1/2,-z+1/2;x,y+1/2,-z+1/2;-x,y+1/2,z+1/2;x,-y+1/2,z+1/2;-z,-x+1/2,-y+1/2;-z,x+1/2,y+1/2;z,-x+1/2,y+1/2;z,x+1/2,-y+1/2;-y,-z+1/2,-x+1/2;y,-z+1/2,x+1/2;y,z+1/2,-x+1/2;-y,z+1/2,x+1/2;x+1/2,y,z+1/2;-x+1/2,-y,z+1/2;x+1/2,-y,-z+1/2;-x+1/2,y,-z+1/2;z+1/2,x,y+1/2;z+1/2,-x,-y+1/2;-z+1/2,x,-y+1/2;-z+1/2,-x,y+1/2;y+1/2,z,x+1/2;-y+1/2,z,-x+1/2;-y+1/2,-z,x+1/2;y+1/2,-z,-x+1/2;-x+1/2,-y,-z+1/2;x+1/2,y,-z+1/2;-x+1/2,y,z+1/2;x+1/2,-y,z+1/2;-z+1/2,-x,-y+1/2;-z+1/2,x,y+1/2;z+1/2,-x,y+1/2;z+1/2,x,-y+1/2;-y+1/2,-z,-x+1/2;y+1/2,-z,x+1/2;y+1/2,z,-x+1/2;-y+1/2,z,x+1/2;x+1/2,y+1/2,z;-x+1/2,-y+1/2,z;x+1/2,-y+1/2,-z;-x+1/2,y+1/2,-z;z+1/2,x+1/2,y;z+1/2,-x+1/2,-y;-z+1/2,x+1/2,-y;-z+1/2,-x+1/2,y;y+1/2,z+1/2,x;-y+1/2,z+1/2,-x;-y+1/2,-z+1/2,x;y+1/2,-z+1/2,-x;-x+1/2,-y+1/2,-z;x+1/2,y+1/2,-z;-x+1/2,y+1/2,z;x+1/2,-y+1/2,z;-z+1/2,-x+1/2,-y;-z+1/2,x+1/2,y;z+1/2,-x+1/2,y;z+1/2,x+1/2,-y;-y+1/2,-z+1/2,-x;y+1/2,-z+1/2,x;y+1/2,z+1/2,-x;-y+1/2,z+1/2,x
203	F d -3	F d -3:1	Fd-3	F 2 2 3 -1d	x,y,z;-x,-y,z;x,-y,-z;-x,y,-z;z,x,y;z,-x,-y;-z,x,-y;-z,-x,y;y,z,x;-y,z,-x;-y,-z,x;y,-z,-x;-x+1/4,-y+1/4,-z+1/4;x+1/4,y+1/4,-z+1/4;-x+1/4,y+1/4,z+1/4;x+1/4,-y+1/4,z+1/4;-z+1/4,-x+1/4,-y+1/4;-z+1/4,x+1/4,y+1/4;z+1/4,-x+1/4,y+1/4;z+1/4,x+1/4,-y+1/4;-y+1/4,-z+1/4,-x+1/4;y+1/4,-z+1/4,x+1/4;y+1/4,z+1/4,-x+1/4;-y+1/4,z+1/4,x+1/4;x,y+1/2,z+1/2;-x,-y+1/2,z+1/2;x,-y+1/2,-z+1/2;-x,y+1/2,-z+1/2;z,x+1/2,y+1/2;z,-x+1/2,-y+1/2;-z,x+1/2,-y+1/2;-z,-x+1/2,y+1/2;y,z+1/2,x+1/2;-y,z+1/2,-x+1/2;-y,-z+1/2,x+1/2;y,-z+1/2,-x+1/2;-x+1/4,-y+3/4,-z+3/4;x+1/4,y+3/4,-z+3/4;-x+1/4,y+3/4,z+3/4;x+1/4,-y+3/4,z+3/4;-z+1/4,-x+3/4,-y+3/4;-z+1/4,x+3/4,y+3/4;z+1/4,-x+3/4,y+3/4;z+1/4,x+3/4,-y+3/4;-y+1/4,-z+3/4,-x+3/4;y+1/4,-z+3/4,x+3/4;y+1/4,z+3/4,-x+3/4;-y+1/4,z+3/4,x+3/4;x+1/2,y,z+1/2;-x+1/2,-y,z+1/2;x+1/2,-y,-z+1/2;-x+1/2,y,-z+1/2;z+1/2,x,y+1/2;z+1/2,-x,-y+1/2;-z+1/2,x,-y+1/2;-z+1/2,-x,y+1/2;y+1/2,z,x+1/2;-y+1/2,z,-x+1/2;-y+1/2,-z,x+1/2;y+1/2,-z,-x+1/2;-x+3/4,-y+1/4,-z+3/4;x+3/4,y+1/4,-z+3/4;-x+3/4,y+1/4,z+3/4;x+3/4,-y+1/4,z+3/4;-z+3/4,-x+1/4,-y+3/4;-z+3/4,x+1/4,y+3/4;z+3/4,-x+1/4,y+3/4;z+3/4,x+1/4,-y+3/4;-y+3/4,-z+1/4,-x+3/4;y+3/4,-z+1/4,x+3/4;y+3/4,z+1/4,-x+3/4;-y+3/4,z+1/4,x+3/4;x+1/2,y+1/2,z;-x+1/2,-y+1/2,z;x+1/2,-y+1/2,-z;-x+1/2,y+1/2,-z;z+1/2,x+1/2,y;z+1/2,-x+1/2,-y;-z+1/2,x+1/2,-y;-z+1/2,-x+1/2,y;y+1/2,z+1/2,x;-y+1/2,z+1/2,-x;-y+1/2,-z+1/2,x;y+1/2,-z+1/2,-x;-x+3/4,-y+3/4,-z+1/4;x+3/4,y+3/4,-z+1/4;-x+3/4,y+3/4,z+1/4;x+3/4,-y+3/4,z+1/4;-z+3/4,-x+3/4,-y+1/4;-z+3/4,x+3/4,y+1/4;z+3/4,-x+3/4,y+1/4;z+3/4,x+3/4,-y+1/4;-y+3/4,-z+3/4,-x+1/4;y+3/4,-z+3/4,x+1/4;y+3/4,z+3/4,-x+1/4;-y+3/4,z+3/4,x+1/4
203	F d -3	F d -3:2	Fd-3	-F 2uv 2vw 3	x,y,z;-x+1/4,-y+1/4,z;x,-y+1/4,-z+1/4;-x+1/4,y,-z+1/4;z,x,y;z,-x+1/4,-y+1/4;-z+1/4,x,-y+1/4;-z+1/4,-x+1/4,y;y,z,x;-y+1/4,z,-x+1/4;-y+1/4,-z+1/4,x;y,-z+1/4,-x+1/4;-x,-y,-z;x+3/4,y+3/4,-z;-x,y+3/4,z+3/4;x+3/4,-y,z+3/4;-z,-x,-y;-z,x+3/4,y+3/4;z+3/4,-x,y+3/4;z+3/4,x+3/4,-y;-y,-z,-x;y+3/4,-z,x+3/4;y+3/4,z+3/4,-x;-y,z+3/4,x+3/4;x,y+1/2,z+1/2;-x+1/4,-y+3/4,z+1/2;x,-y+3/4,-z+3/4;-x+1/4,y+1/2,-z+3/4;z,x+1/2,y+1/2;z,-x+3/4,-y+3/4;-z+1/4,x+1/2,-y+3/4;-z+1/4,-x+3/4,y+1/2;y,z+1/2,x+1/2;-y+1/4,z+1/2,-x+3/4;-y+1/4,-z+3/4,x+1/2;y,-z+3/4,-x+3/4;-x,-y+1/2,-z+1/2;x+3/4,y+1/4,-z+1/2;-x,y+1/4,z+1/4;x+3/4,-y+1/2,z+1/4;-z,-x+1/2,-y+1/2;-z,x+1/4,y+1/4;z+3/4,-x+1/2,y+1/4;z+3/4,x+1/4,-y+1/2;-y,-z+1/2,-x+1/2;y+3/4,-z+1/2,x+1/4;y+3/4,z+1/4,-x+1/2;-y,z+1/4,x+1/4;x+1/2,y,z+1/2;-x+3/4,-y+1/4,z+1/2;x+1/2,-y+1/4,-z+3/4;-x+3/4,y,-z+3/4;z+1/2,x,y+1/2;z+1/2,-x+1/4,-y+3/4;-z+3/4,x,-y+3/4;-z+3/4,-x+1/4,y+1/2;y+1/2,z,x+1/2;-y+3/4,z,-x+3/4;-y+3/4,-z+1/4,x+1/2;y+1/2,-z+1/4,-x+3/4;-x+1/2,-y,-z+1/2;x+1/4,y+3/4,-z+1/2;-x+1/2,y+3/4,z+1/4;x+1/4,-y,z+1/4;-z+1/2,-x,-y+1/2;-z+1/2,x+3/4,y+1/4;z+1/4,-x,y+1/4;z+1/4,x+3/4,-y+1/2;-y+1/2,-z,-x+1/2;y+1/4,-z,x+1/4;y+1/4,z+3/4,-x+1/2;-y+1/2,z+3/4,x+1/4;x+1/2,y+1/2,z;-x+3/4,-y+3/4,z;x+1/2,-y+3/4,-z+1/4;-x+3/4,y+1/2,-z+1/4;z+1/2,x+1/2,y;z+1/2,-x+3/4,-y+1/4;-z+3/4,x+1/2,-y+1/4;-z+3/4,-x+3/4,y;y+1/2,z+1/2,x;-y+3/4,z+1/2,-x+1/4;-y+3/4,-z+3/4,x;y+1/2,-z+3/4,-x+1/4;-x+1/2,-y+1/2,-z;x+1/4,y+1/4,-z;-x+1/2,y+1/4,z+3/4;x+1/4,-y+1/2,z+3/4;-z+1/2,-x+1/2,-y;-z+1/2,x+1/4,y+3/4;z+1/4,-x+1/2,y+3/4;z+1/4,x+1/4,-y;-y+1/2,-z+1/2,-x;y+1/4,-z+1/2,x+3/4;y+1/4,z+1/4,-x;-y+1/2,z+1/4,x+3/4
204	I m -3	I m -3	Im-3	-I 2 2 3	x,y,z;-x,-y,z;x,-y,-z;-x,y,-z;z,x,y;z,-x,-y;-z,x,-y;-z,-x,y;y,z,x;-y,z,-x;-y,-z,x;y,-z,-x;-x,-y,-z;x,y,-z;-x,y,z;x,-y,z;-z,-x,-y;-z,x,y;z,-x,y;z,x,-y;-y,-z,-x;y,-z,x;y,z,-x;-y,z,x;x+1/2,y+1/2,z+1/2;-x+1/2,-y+1/2,z+1/2;x+1/2,-y+1/2,-z+1/2;-x+1/2,y+1/2,-z+1/2;z+1/2,x+1/2,y+1/2;z+1/2,-x+1/2,-y+1/2;-z+1/2,x+1/2,-y+1/2;-z+1/2,-x+1/2,y+1/2;y+1/2,z+1/2,x+1/2;-y+1/2,z+1/2,-x+1/2;-y+1/2,-z+1/2,x+1/2;y+1/2,-z+1/2,-x+1/2;-x+1/2,-y+1/2,-z+1/2;x+1/2,y+1/2,-z+1/2;-x+1/2,y+1/2,z+1/2;x+1/2,-y+1/2,z+1/2;-z+1/2,-x+1/2,-y+1/2;-z+1/2,x+1/2,y+1/2;z+1/2,-x+1/2,y+1/2;z+1/2,x+1/2,-y+1/2;-y+1/2,-z+1/2,-x+1/2;y+1/2,-z+1/2,x+1/2;y+1/2,z+1/2,-x+1/2;-y+1/2,z+1/2,x+1/2
205	P a -3	P a -3	Pa-3	-P 2ac 2ab 3	x,y,z;-x+1/2,-y,z+1/2;x+1/2,-y+1/2,-z;-x,y+1/2,-z+1/2;z,x,y;z+1/2,-x+1/2,-y;-z,x+1/2,-y+1/2;-z+1/2,-x,y+1/2;y,z,x;-y,z+1/2,-x+1/2;-y+1/2,-z,x+1/2;y+1/2,-z+1/2,-x;-x,-y,-z;x+1/2,y,-z+1/2;-x+1/2,y+1/2,z;x,-y+1/2,z+1/2;-z,-x,-y;-z+1/2,x+1/2,y;z,-x+1/2,y+1/2;z+1/2,x,-y+1/2;-y,-z,-x;y,-z+1/2,x+1/2;y+1/2,z,-x+1/2;-y+1/2,z+1/2,x
206	I a -3	I a -3	Ia-3	-I 2b 2c 3	x,y,z;-x,-y+1/2,z;x,-y,-z+1/2;-x,y+1/2,-z+1/2;z,x,y;z,-x,-y+1/2;-z+1/2,x,-y;-z+1/2,-x,y+1/2;y,z,x;-y+1/2,z,-x;-y,-z+1/2,x;y+1/2,-z+1/2,-x;-x,-y,-z;x,y+1/2,-z;-x,y,z+1/2;x,-y+1/2,z+1/2;-z,-x,-y;-z,x,y+1/2;z+1/2,-x,y;z+1/2,x,-y+1/2;-y,-z,-x;y+1/2,-z,x;y,z+1/2,-x;-y+1/2,z+1/2,x;x+1/2,y+1/2,z+1/2;-x+1/2,-y,z+1/2;x+1/2,-y+1/2,-z;-x+1/2,y,-z;z+1/2,x+1/2,y+1/2;z+1/2,-x+1/2,-y;-z,x+1/2,-y+1/2;-z,-x+1/2,y;y+1/2,z+1/2,x+1/2;-y,z+1/2,-x+1/2;-y+1/2,-z,x+1/2;y,-z,-x+1/2;-x+1/2,-y+1/2,-z+1/2;x+1/2,y,-z+1/2;-x+1/2,y+1/2,z;x+1/2,-y,z;-z+1/2,-x+1/2,-y+1/2;-z+1/2,x+1/2,y;z,-x+1/2,y+1/2;z,x+1/2,-y;-y+1/2,-z+1/2,-x+1/2;y,-z+1/2,x+1/2;y+1/2,z,-x+1/2;-y,z,x+1/2
207	P 4 3 2	P 4 3 2	P432	P 4 2 3	x,y,z;-y,x,z;-x,-y,z;y,-x,z;x,-y,-z;-y,-x,-z;-x,y,-z;y,x,-z;z,x,y;z,-y,x;z,-x,-y;z,y,-x;-z,x,-y;-z,-y,-x;-z,-x,y;-z,y,x;-x,z,y;y,z,x;x,z,-y;-y,z,-x;-x,-z,-y;y,-z,-x;x,-z,y;-y,-z,x
208	P 42 3 2	P 42 3 2	P4232	P 4n 2 3	x,y,z;-y+1/2,x+1/2,z+1/2;-x,-y,z;y+1/2,-x+1/2,z+1/2;x,-y,-z;-y+1/2,-x+1/2,-z+1/2;-x,y,-z;y+1/2,x+1/2,-z+1/2;z,x,y;z+1/2,-y+1/2,x+1/2;z,-x,-y;z+1/2,y+1/2,-x+1/2;-z,x,-y;-z+1/2,-y+1/2,-x+1/2;-z,-x,y;-z+1/2,y+1/2,x+1/2;-x+1/2,z+1/2,y+1/2;y,z,x;x+1/2,z+1/2,-y+1/2;-y,z,-x;-x+1/2,-z+1/2,-y+1/2;y,-z,-x;x+1/2,-z+1/2,y+1/2;-y,-z,x
209	F 4 3 2	F 4 3 2	F432	F 4 2 3	x,y,z;-y,x,z;-x,-y,z;y,-x,z;x,-y,-z;-y,-x,-z;-x,y,-z;y,x,-z;z,x,y;z,-y,x;z,-x,-y;z,y,-x;-z,x,-y;-z,-y,-x;-z,-x,y;-z,y,x;-x,z,y;y,z,x;x,z,-y;-y,z,-x;-x,-z,-y;y,-z,-x;x,-z,y;-y,-z,x;x,y+1/2,z+1/2;-y,x+1/2,z+1/2;-x,-y+1/2,z+1/2;y,-x+1/2,z+1/2;x,-y+1/2,-z+1/2;-y,-x+1/2,-z+1/2;-x,y+1/2,-z+1/2;y,x+1/2,-z+1/2;z,x+1/2,y+1/2;z,-y+1/2,x+1/2;z,-x+1/2,-y+1/2;z,y+1/2,-x+1/2;-z,x+1/2,-y+1/2;-z,-y+1/2,-x+1/2;-z,-x+1/2,y+1/2;-z,y+1/2,x+1/2;-x,z+1/2,y+1/2;y,z+1/2,x+1/2;x,z+1/2,-y+1/2;-y,z+1/2,-x+1/2;-x,-z+1/2,-y+1/2;y,-z+1/2,-x+1/2;x,-z+1/2,y+1/2;-y,-z+1/2,x+1/2;x+1/2,y,z+1/2;-y+1/2,x,z+1/2;-x+1/2,-y,z+1/2;y+1/2,-x,z+1/2;x+1/2,-y,-z+1/2;-y+1/2,-x,-z+1/2;-x+1/2,y,-z+1/2;y+1/2,x,-z+1/2;z+1/2,x,y+1/2;z+1/2,-y,x+1/2;z+1/2,-x,-y+1/2;z+1/2,y,-x+1/2;-z+1/2,x,-y+1/2;-z+1/2,-y,-x+1/2;-z+1/2,-x,y+1/2;-z+1/2,y,x+1/2;-x+1/2,z,y+1/2;y+1/2,z,x+1/2;x+1/2,z,-y+1/2;-y+1/2,z,-x+1/2;-x+1/2,-z,-y+1/2;y+1/2,-z,-x+1/2;x+1/2,-z,y+1/2;-y+1/2,-z,x+1/2;x+1/2,y+1/2,z;-y+1/2,x+1/2,z;-x+1/2,-y+1/2,z;y+1/2,-x+1/2,z;x+1/2,-y+1/2,-z;-y+1/2,-x+1/2,-z;-x+1/2,y+1/2,-z;y+1/2,x+1/2,-z;z+1/2,x+1/2,y;z+1/2,-y+1/2,x;z+1/2,-x+1/2,-y;z+1/2,y+1/2,-x;-z+1/2,x+1/2,-y;-z+1/2,-y+1/2,-x;-z+1/2,-x+1/2,y;-z+1/2,y+1/2,x;-x+1/2,z+1/2,y;y+1/2,z+1/2,x;x+1/2,z+1/2,-y;-y+1/2,z+1/2,-x;-x+1/2,-z+1/2,-y;y+1/2,-z+1/2,-x;x+1/2,-z+1/2,y;-y+1/2,-z+1/2,x
210	F 41 3 2	F 41 3 2	F4132	F 4d 2 3	x,y,z;-y+1/4,x+1/4,z+1/4;-x,-y+1/2,z+1/2;y+3/4,-x+1/4,z+3/4;x,-y,-z;-y+1/4,-x+3/4,-z+3/4;-x,y+1/2,-z+1/2;y+3/4,x+3/4,-z+1/4;z,x,y;z+1/4,-y+1/4,x+1/4;z+1/2,-x,-y+1/2;z+3/4,y+3/4,-x+1/4;-z,x,-y;-z+3/4,-y+1/4,-x+3/4;-z+1/2,-x,y+1/2;-z+1/4,y+3/4,x+3/4;-x+1/4,z+1/4,y+1/4;y,z+1/2,x+1/2;x+1/4,z+3/4,-y+3/4;-y+1/2,z,-x+1/2;-x+1/4,-z+1/4,-y+1/4;y,-z,-x;x+1/4,-z+3/4,y+3/4;-y+1/2,-z+1/2,x;x,y+1/2,z+1/2;-y+1/4,x+3/4,z+3/4;-x,-y,z;y+3/4,-x+3/4,z+1/4;x,-y+1/2,-z+1/2;-y+1/4,-x+1/4,-z+1/4;-x,y,-z;y+3/4,x+1/4,-z+3/4;z,x+1/2,y+1/2;z+1/4,-y+3/4,x+3/4;z+1/2,-x+1/2,-y;z+3/4,y+1/4,-x+3/4;-z,x+1/2,-y+1/2;-z+3/4,-y+3/4,-x+1/4;-z+1/2,-x+1/2,y;-z+1/4,y+1/4,x+1/4;-x+1/4,z+3/4,y+3/4;y,z,x;x+1/4,z+1/4,-y+1/4;-y+1/2,z+1/2,-x;-x+1/4,-z+3/4,-y+3/4;y,-z+1/2,-x+1/2;x+1/4,-z+1/4,y+1/4;-y+1/2,-z,x+1/2;x+1/2,y,z+1/2;-y+3/4,x+1/4,z+3/4;-x+1/2,-y+1/2,z;y+1/4,-x+1/4,z+1/4;x+1/2,-y,-z+1/2;-y+3/4,-x+3/4,-z+1/4;-x+1/2,y+1/2,-z;y+1/4,x+3/4,-z+3/4;z+1/2,x,y+1/2;z+3/4,-y+1/4,x+3/4;z,-x,-y;z+1/4,y+3/4,-x+3/4;-z+1/2,x,-y+1/2;-z+1/4,-y+1/4,-x+1/4;-z,-x,y;-z+3/4,y+3/4,x+1/4;-x+3/4,z+1/4,y+3/4;y+1/2,z+1/2,x;x+3/4,z+3/4,-y+1/4;-y,z,-x;-x+3/4,-z+1/4,-y+3/4;y+1/2,-z,-x+1/2;x+3/4,-z+3/4,y+1/4;-y,-z+1/2,x+1/2;x+1/2,y+1/2,z;-y+3/4,x+3/4,z+1/4;-x+1/2,-y,z+1/2;y+1/4,-x+3/4,z+3/4;x+1/2,-y+1/2,-z;-y+3/4,-x+1/4,-z+3/4;-x+1/2,y,-z+1/2;y+1/4,x+1/4,-z+1/4;z+1/2,x+1/2,y;z+3/4,-y+3/4,x+1/4;z,-x+1/2,-y+1/2;z+1/4,y+1/4,-x+1/4;-z+1/2,x+1/2,-y;-z+1/4,-y+3/4,-x+3/4;-z,-x+1/2,y+1/2;-z+3/4,y+1/4,x+3/4;-x+3/4,z+3/4,y+1/4;y+1/2,z,x+1/2;x+3/4,z+1/4,-y+3/4;-y,z+1/2,-x+1/2;-x+3/4,-z+3/4,-y+1/4;y+1/2,-z+1/2,-x;x+3/4,-z+1/4,y+3/4;-y,-z,x
211	I 4 3 2	I 4 3 2	I432	I 4 2 3	x,y,z;-y,x,z;-x,-y,z;y,-x,z;x,-y,-z;-y,-x,-z;-x,y,-z;y,x,-z;z,x,y;z,-y,x;z,-x,-y;z,y,-x;-z,x,-y;-z,-y,-x;-z,-x,y;-z,y,x;-x,z,y;y,z,x;x,z,-y;-y,z,-x;-x,-z,-y;y,-z,-x;x,-z,y;-y,-z,x;x+1/2,y+1/2,z+1/2;-y+1/2,x+1/2,z+1/2;-x+1/2,-y+1/2,z+1/2;y+1/2,-x+1/2,z+1/2;x+1/2,-y+1/2,-z+1/2;-y+1/2,-x+1/2,-z+1/2;-x+1/2,y+1/2,-z+1/2;y+1/2,x+1/2,-z+1/2;z+1/2,x+1/2,y+1/2;z+1/2,-y+1/2,x+1/2;z+1/2,-x+1/2,-y+1/2;z+1/2,y+1/2,-x+1/2;-z+1/2,x+1/2,-y+1/2;-z+1/2,-y+1/2,-x+1/2;-z+1/2,-x+1/2,y+1/2;-z+1/2,y+1/2,x+1/2;-x+1/2,z+1/2,y+1/2;y+1/2,z+1/2,x+1/2;x+1/2,z+1/2,-y+1/2;-y+1/2,z+1/2,-x+1/2;-x+1/2,-z+1/2,-y+1/2;y+1/2,-z+1/2,-x+1/2;x+1/2,-z+1/2,y+1/2;-y+1/2,-z+1/2,x+1/2
212	P 43 3 2	P 43 3 2	P4332	P 4acd 2ab 3	x,y,z;-y+3/4,x+1/4,z+3/4;-x+1/2,-y,z+1/2;y+3/4,-x+3/4,z+1/4;x+1/2,-y+1/2,-z;-y+1/4,-x+1/4,-z+1/4;-x,y+1/2,-z+1/2;y+1/4,x+3/4,-z+3/4;z,x,y;z+3/4,-y+3/4,x+1/4;z+1/2,-x+1/2,-y;z+1/4,y+3/4,-x+3/4;-z,x+1/2,-y+1/2;-z+1/4,-y+1/4,-x+1/4;-z+1/2,-x,y+1/2;-z+3/4,y+1/4,x+3/4;-x+3/4,z+1/4,y+3/4;y,z,x;x+1/4,z+3/4,-y+3/4;-y,z+1/2,-x+1/2;-x+1/4,-z+1/4,-y+1/4;y+1/2,-z+1/2,-x;x+3/4,-z+3/4,y+1/4;-y+1/2,-z,x+1/2
213	P 41 3 2	P 41 3 2	P4132	P 4bd 2ab 3	x,y,z;-y+1/4,x+3/4,z+1/4;-x+1/2,-y,z+1/2;y+1/4,-x+1/4,z+3/4;x+1/2,-y+1/2,-z;-y+3/4,-x+3/4,-z+3/4;-x,y+1/2,-z+1/2;y+3/4,x+1/4,-z+1/4;z,x,y;z+1/4,-y+1/4,x+3/4;z+1/2,-x+1/2,-y;z+3/4,y+1/4,-x+1/4;-z,x+1/2,-y+1/2;-z+3/4,-y+3/4,-x+3/4;-z+1/2,-x,y+1/2;-z+1/4,y+3/4,x+1/4;-x+1/4,z+3/4,y+1/4;y,z,x;x+3/4,z+1/4,-y+1/4;-y,z+1/2,-x+1/2;-x+3/4,-z+3/4,-y+3/4;y+1/2,-z+1/2,-x;x+1/4,-z+1/4,y+3/4;-y+1/2,-z,x+1/2
214	I 41 3 2	I 41 3 2	I4132	I 4bd 2c 3	x,y,z;-y+1/4,x+3/4,z+1/4;-x+1/2,-y,z+1/2;y+1/4,-x+1/4,z+3/4;x,-y,-z+1/2;-y+1/4,-x+1/4,-z+1/4;-x+1/2,y,-z;y+1/4,x+3/4,-z+3/4;z,x,y;z+1/4,-y+1/4,x+3/4;z+1/2,-x+1/2,-y;z+3/4,y+1/4,-x+1/4;-z+1/2,x,-y;-z+1/4,-y+1/4,-x+1/4;-z,-x+1/2,y;-z+3/4,y+1/4,x+3/4;-x+1/4,z+3/4,y+1/4;y,z,x;x+3/4,z+1/4,-y+1/4;-y,z+1/2,-x+1/2;-x+1/4,-z+1/4,-y+1/4;y,-z,-x+1/2;x+3/4,-z+3/4,y+1/4;-y,-z+1/2,x;x+1/2,y+1/2,z+1/2;-y+3/4,x+1/4,z+3/4;-x,-y+1/2,z;y+3/4,-x+3/4,z+1/4;x+1/2,-y+1/2,-z;-y+3/4,-x+3/4,-z+3/4;-x,y+1/2,-z+1/2;y+3/4,x+1/4,-z+1/4;z+1/2,x+1/2,y+1/2;z+3/4,-y+3/4,x+1/4;z,-x,-y+1/2;z+1/4,y+3/4,-x+3/4;-z,x+1/2,-y+1/2;-z+3/4,-y+3/4,-x+3/4;-z+1/2,-x,y+1/2;-z+1/4,y+3/4,x+1/4;-x+3/4,z+1/4,y+3/4;y+1/2,z+1/2,x+1/2;x+1/4,z+3/4,-y+3/4;-y+1/2,z,-x;-x+3/4,-z+3/4,-y+3/4;y+1/2,-z+1/2,-x;x+1/4,-z+1/4,y+3/4;-y+1/2,-z,x+1/2
215	P -4 3 m	P -4 3 m	P-43m	P -4 2 3	x,y,z;y,-x,-z;-x,-y,z;-y,x,-z;x,-y,-z;y,x,z;-x,y,-z;-y,-x,z;z,x,y;-z,y,-x;z,-x,-y;-z,-y,x;-z,x,-y;z,y,x;-z,-x,y;z,-y,-x;x,-z,-y;y,z,x;-x,-z,y;-y,z,-x;x,z,y;y,-z,-x;-x,z,-y;-y,-z,x
216	F -4 3 m	F -4 3 m	F-43m	F -4 2 3	x,y,z;y,-x,-z;-x,-y,z;-y,x,-z;x,-y,-z;y,x,z;-x,y,-z;-y,-x,z;z,x,y;-z,y,-x;z,-x,-y;-z,-y,x;-z,x,-y;z,y,x;-z,-x,y;z,-y,-x;x,-z,-y;y,z,x;-x,-z,y;-y,z,-x;x,z,y;y,-z,-x;-x,z,-y;-y,-z,x;x,y+1/2,z+1/2;y,-x+1/2,-z+1/2;-x,-y+1/2,z+1/2;-y,x+1/2,-z+1/2;x,-y+1/2,-z+1/2;y,x+1/2,z+1/2;-x,y+1/2,-z+1/2;-y,-x+1/2,z+1/2;z,x+1/2,y+1/2;-z,y+1/2,-x+1/2;z,-x+1/2,-y+1/2;-z,-y+1/2,x+1/2;-z,x+1/2,-y+1/2;z,y+1/2,x+1/2;-z,-x+1/2,y+1/2;z,-y+1/2,-x+1/2;x,-z+1/2,-y+1/2;y,z+1/2,x+1/2;-x,-z+1/2,y+1/2;-y,z+1/2,-x+1/2;x,z+1/2,y+1/2;y,-z+1/2,-x+1/2;-x,z+1/2,-y+1/2;-y,-z+1/2,x+1/2;x+1/2,y,z+1/2;y+1/2,-x,-z+1/2;-x+1/2,-y,z+1/2;-y+1/2,x,-z+1/2;x+1/2,-y,-z+1/2;y+1/2,x,z+1/2;-x+1/2,y,-z+1/2;-y+1/2,-x,z+1/2;z+1/2,x,y+1/2;-z+1/2,y,-x+1/2;z+1/2,-x,-y+1/2;-z+1/2,-y,x+1/2;-z+1/2,x,-y+1/2;z+1/2,y,x+1/2;-z+1/2,-x,y+1/2;z+1/2,-y,-x+1/2;x+1/2,-z,-y+1/2;y+1/2,z,x+1/2;-x+1/2,-z,y+1/2;-y+1/2,z,-x+1/2;x+1/2,z,y+1/2;y+1/2,-z,-x+1/2;-x+1/2,z,-y+1/2;-y+1/2,-z,x+1/2;x+1/2,y+1/2,z;y+1/2,-x+1/2,-z;-x+1/2,-y+1/2,z;-y+1/2,x+1/2,-z;x+1/2,-y+1/2,-z;y+1/2,x+1/2,z;-x+1/2,y+1/2,-z;-y+1/2,-x+1/2,z;z+1/2,x+1/2,y;-z+1/2,y+1/2,-x;z+1/2,-x+1/2,-y;-z+1/2,-y+1/2,x;-z+1/2,x+1/2,-y;z+1/2,y+1/2,x;-z+1/2,-x+1/2,y;z+1/2,-y+1/2,-x;x+1/2,-z+1/2,-y;y+1/2,z+1/2,x;-x+1/2,-z+1/2,y;-y+1/2,z+1/2,-x;x+1/2,z+1/2,y;y+1/2,-z+1/2,-x;-x+1/2,z+1/2,-y;-y+1/2,-z+1/2,x
217	I -4 3 m	I -4 3 m	I-43m	I -4 2 3	x,y,z;y,-x,-z;-x,-y,z;-y,x,-z;x,-y,-z;y,x,z;-x,y,-z;-y,-x,z;z,x,y;-z,y,-x;z,-x,-y;-z,-y,x;-z,x,-y;z,y,x;-z,-x,y;z,-y,-x;x,-z,-y;y,z,x;-x,-z,y;-y,z,-x;x,z,y;y,-z,-x;-x,z,-y;-y,-z,x;x+1/2,y+1/2,z+1/2;y+1/2,-x+1/2,-z+1/2;-x+1/2,-y+1/2,z+1/2;-y+1/2,x+1/2,-z+1/2;x+1/2,-y+1/2,-z+1/2;y+1/2,x+1/2,z+1/2;-x+1/2,y+1/2,-z+1/2;-y+1/2,-x+1/2,z+1/2;z+1/2,x+1/2,y+1/2;-z+1/2,y+1/2,-x+1/2;z+1/2,-x+1/2,-y+1/2;-z+1/2,-y+1/2,x+1/2;-z+1/2,x+1/2,-y+1/2;z+1/2,y+1/2,x+1/2;-z+1/2,-x+1/2,y+1/2;z+1/2,-y+1/2,-x+1/2;x+1/2,-z+1/2,-y+1/2;y+1/2,z+1/2,x+1/2;-x+1/2,-z+1/2,y+1/2;-y+1/2,z+1/2,-x+1/2;x+1/2,z+1/2,y+1/2;y+1/2,-z+1/2,-x+1/2;-x+1/2,z+1/2,-y+1/2;-y+1/2,-z+1/2,x+1/2
218	P -4 3 n	P -4 3 n	P-43n	P -4n 2 3	x,y,z;y+1/2,-x+1/2,-z+1/2;-x,-y,z;-y+1/2,x+1/2,-z+1/2;x,-y,-z;y+1/2,x+1/2,z+1/2;-x,y,-z;-y+1/2,-x+1/2,z+1/2;z,x,y;-z+1/2,y+1/2,-x+1/2;z,-x,-y;-z+1/2,-y+1/2,x+1/2;-z,x,-y;z+1/2,y+1/2,x+1/2;-z,-x,y;z+1/2,-y+1/2,-x+1/2;x+1/2,-z+1/2,-y+1/2;y,z,x;-x+1/2,-z+1/2,y+1/2;-y,z,-x;x+1/2,z+1/2,y+1/2;y,-z,-x;-x+1/2,z+1/2,-y+1/2;-y,-z,x
219	F -4 3 c	F -4 3 c	F-43c	F -4a 2 3	x,y,z;y+1/2,-x,-z;-x+1/2,-y+1/2,z;-y,x+1/2,-z;x,-y,-z;y+1/2,x,z;-x+1/2,y+1/2,-z;-y,-x+1/2,z;z,x,y;-z,y+1/2,-x;z,-x+1/2,-y+1/2;-z,-y,x+1/2;-z,x,-y;z,y+1/2,x;-z,-x+1/2,y+1/2;z,-y,-x+1/2;x+1/2,-z,-y;y,z,x;-x,-z,y+1/2;-y+1/2,z,-x+1/2;x+1/2,z,y;y,-z,-x;-x,z,-y+1/2;-y+1/2,-z,x+1/2;x,y+1/2,z+1/2;y+1/2,-x+1/2,-z+1/2;-x+1/2,-y,z+1/2;-y,x,-z+1/2;x,-y+1/2,-z+1/2;y+1/2,x+1/2,z+1/2;-x+1/2,y,-z+1/2;-y,-x,z+1/2;z,x+1/2,y+1/2;-z,y,-x+1/2;z,-x,-y;-z,-y+1/2,x;-z,x+1/2,-y+1/2;z,y,x+1/2;-z,-x,y;z,-y+1/2,-x;x+1/2,-z+1/2,-y+1/2;y,z+1/2,x+1/2;-x,-z+1/2,y;-y+1/2,z+1/2,-x;x+1/2,z+1/2,y+1/2;y,-z+1/2,-x+1/2;-x,z+1/2,-y;-y+1/2,-z+1/2,x;x+1/2,y,z+1/2;y,-x,-z+1/2;-x,-y+1/2,z+1/2;-y+1/2,x+1/2,-z+1/2;x+1/2,-y,-z+1/2;y,x,z+1/2;-x,y+1/2,-z+1/2;-y+1/2,-x+1/2,z+1/2;z+1/2,x,y+1/2;-z+1/2,y+1/2,-x+1/2;z+1/2,-x+1/2,-y;-z+1/2,-y,x;-z+1/2,x,-y+1/2;z+1/2,y+1/2,x+1/2;-z+1/2,-x+1/2,y;z+1/2,-y,-x;x,-z,-y+1/2;y+1/2,z,x+1/2;-x+1/2,-z,y;-y,z,-x;x,z,y+1/2;y+1/2,-z,-x+1/2;-x+1/2,z,-y;-y,-z,x;x+1/2,y+1/2,z;y,-x+1/2,-z;-x,-y,z;-y+1/2,x,-z;x+1/2,-y+1/2,-z;y,x+1/2,z;-x,y,-z;-y+1/2,-x,z;z+1/2,x+1/2,y;-z+1/2,y,-x;z+1/2,-x,-y+1/2;-z+1/2,-y+1/2,x+1/2;-z+1/2,x+1/2,-y;z+1/2,y,x;-z+1/2,-x,y+1/2;z+1/2,-y+1/2,-x+1/2;x,-z+1/2,-y;y+1/2,z+1/2,x;-x+1/2,-z+1/2,y+1/2;-y,z+1/2,-x+1/2;x,z+1/2,y;y+1/2,-z+1/2,-x;-x+1/2,z+1/2,-y+1/2;-y,-z+1/2,x+1/2
220	I -4 3 d	I -4 3 d	I-43d	I -4bd 2c 3	x,y,z;y+1/4,-x+3/4,-z+1/4;-x,-y+1/2,z;-y+3/4,x+3/4,-z+1/4;x,-y,-z+1/2;y+1/4,x+1/4,z+1/4;-x,y+1/2,-z+1/2;-y+3/4,-x+1/4,z+1/4;z,x,y;-z+1/4,y+1/4,-x+3/4;z,-x,-y+1/2;-z+1/4,-y+3/4,x+3/4;-z+1/2,x,-y;z+1/4,y+1/4,x+1/4;-z+1/2,-x,y+1/2;z+1/4,-y+3/4,-x+1/4;x+1/4,-z+3/4,-y+1/4;y+1/2,z+1/2,x+1/2;-x+1/4,-z+3/4,y+3/4;-y,z+1/2,-x+1/2;x+1/4,z+1/4,y+1/4;y+1/2,-z+1/2,-x;-x+1/4,z+1/4,-y+3/4;-y,-z+1/2,x;x+1/2,y+1/2,z+1/2;y+3/4,-x+1/4,-z+3/4;-x+1/2,-y,z+1/2;-y+1/4,x+1/4,-z+3/4;x+1/2,-y+1/2,-z;y+3/4,x+3/4,z+3/4;-x+1/2,y,-z;-y+1/4,-x+3/4,z+3/4;z+1/2,x+1/2,y+1/2;-z+3/4,y+3/4,-x+1/4;z+1/2,-x+1/2,-y;-z+3/4,-y+1/4,x+1/4;-z,x+1/2,-y+1/2;z+3/4,y+3/4,x+3/4;-z,-x+1/2,y;z+3/4,-y+1/4,-x+3/4;x+3/4,-z+1/4,-y+3/4;y,z,x;-x+3/4,-z+1/4,y+1/4;-y+1/2,z,-x;x+3/4,z+3/4,y+3/4;y,-z,-x+1/2;-x+3/4,z+3/4,-y+1/4;-y+1/2,-z,x+1/2
221	P m -3 m	P m -3 m	Pm-3m	-P 4 2 3	x,y,z;-y,x,z;-x,-y,z;y,-x,z;x,-y,-z;-y,-x,-z;-x,y,-z;y,x,-z;z,x,y;z,-y,x;z,-x,-y;z,y,-x;-z,x,-y;-z,-y,-x;-z,-x,y;-z,y,x;-x,z,y;y,z,x;x,z,-y;-y,z,-x;-x,-z,-y;y,-z,-x;x,-z,y;-y,-z,x;-x,-y,-z;y,-x,-z;x,y,-z;-y,x,-z;-x,y,z;y,x,z;x,-y,z;-y,-x,z;-z,-x,-y;-z,y,-x;-z,x,y;-z,-y,x;z,-x,y;z,y,x;z,x,-y;z,-y,-x;x,-z,-y;-y,-z,-x;-x,-z,y;y,-z,x;x,z,y;-y,z,x;-x,z,-y;y,z,-x
222	P n -3 n	P n -3 n:1	Pn-3n	P 4 2 3 -1n	x,y,z;-y,x,z;-x,-y,z;y,-x,z;x,-y,-z;-y,-x,-z;-x,y,-z;y,x,-z;z,x,y;z,-y,x;z,-x,-y;z,y,-x;-z,x,-y;-z,-y,-x;-z,-x,y;-z,y,x;-x,z,y;y,z,x;x,z,-y;-y,z,-x;-x,-z,-y;y,-z,-x;x,-z,y;-y,-z,x;-x+1/2,-y+1/2,-z+1/2;y+1/2,-x+1/2,-z+1/2;x+1/2,y+1/2,-z+1/2;-y+1/2,x+1/2,-z+1/2;-x+1/2,y+1/2,z+1/2;y+1/2,x+1/2,z+1/2;x+1/2,-y+1/2,z+1/2;-y+1/2,-x+1/2,z+1/2;-z+1/2,-x+1/2,-y+1/2;-z+1/2,y+1/2,-x+1/2;-z+1/2,x+1/2,y+1/2;-z+1/2,-y+1/2,x+1/2;z+1/2,-x+1/2,y+1/2;z+1/2,y+1/2,x+1/2;z+1/2,x+1/2,-y+1/2;z+1/2,-y+1/2,-x+1/2;x+1/2,-z+1/2,-y+1/2;-y+1/2,-z+1/2,-x+1/2;-x+1/2,-z+1/2,y+1/2;y+1/2,-z+1/2,x+1/2;x+1/2,z+1/2,y+1/2;-y+1/2,z+1/2,x+1/2;-x+1/2,z+1/2,-y+1/2;y+1/2,z+1/2,-x+1/2
222	P n -3 n	P n -3 n:2	Pn-3n	-P 4a 2bc 3	x,y,z;-y+1/2,x,z;-x+1/2,-y+1/2,z;y,-x+1/2,z;x,-y+1/2,-z+1/2;-y+1/2,-x+1/2,-z+1/2;-x+1/2,y,-z+1/2;y,x,-z+1/2;z,x,y;z,-y+1/2,x;z,-x+1/2,-y+1/2;z,y,-x+1/2;-z+1/2,x,-y+1/2;-z+1/2,-y+1/2,-x+1/2;-z+1/2,-x+1/2,y;-z+1/2,y,x;-x+1/2,z,y;y,z,x;x,z,-y+1/2;-y+1/2,z,-x+1/2;-x+1/2,-z+1/2,-y+1/2;y,-z+1/2,-x+1/2;x,-z+1/2,y;-y+1/2,-z+1/2,x;-x,-y,-z;y+1/2,-x,-z;x+1/2,y+1/2,-z;-y,x+1/2,-z;-x,y+1/2,z+1/2;y+1/2,x+1/2,z+1/2;x+1/2,-y,z+1/2;-y,-x,z+1/2;-z,-x,-y;-z,y+1/2,-x;-z,x+1/2,y+1/2;-z,-y,x+1/2;z+1/2,-x,y+1/2;z+1/2,y+1/2,x+1/2;z+1/2,x+1/2,-y;z+1/2,-y,-x;x+1/2,-z,-y;-y,-z,-x;-x,-z,y+1/2;y+1/2,-z,x+1/2;x+1/2,z+1/2,y+1/2;-y,z+1/2,x+1/2;-x,z+1/2,-y;y+1/2,z+1/2,-x
223	P m -3 n	P m -3 n	Pm-3n	-P 4n 2 3	x,y,z;-y+1/2,x+1/2,z+1/2;-x,-y,z;y+1/2,-x+1/2,z+1/2;x,-y,-z;-y+1/2,-x+1/2,-z+1/2;-x,y,-z;y+1/2,x+1/2,-z+1/2;z,x,y;z+1/2,-y+1/2,x+1/2;z,-x,-y;z+1/2,y+1/2,-x+1/2;-z,x,-y;-z+1/2,-y+1/2,-x+1/2;-z,-x,y;-z+1/2,y+1/2,x+1/2;-x+1/2,z+1/2,y+1/2;y,z,x;x+1/2,z+1/2,-y+1/2;-y,z,-x;-x+1/2,-z+1/2,-y+1/2;y,-z,-x;x+1/2,-z+1/2,y+1/2;-y,-z,x;-x,-y,-z;y+1/2,-x+1/2,-z+1/2;x,y,-z;-y+1/2,x+1/2,-z+1/2;-x,y,z;y+1/2,x+1/2,z+1/2;x,-y,z;-y+1/2,-x+1/2,z+1/2;-z,-x,-y;-z+1/2,y+1/2,-x+1/2;-z,x,y;-z+1/2,-y+1/2,x+1/2;z,-x,y;z+1/2,y+1/2,x+1/2;z,x,-y;z+1/2,-y+1/2,-x+1/2;x+1/2,-z+1/2,-y+1/2;-y,-z,-x;-x+1/2,-z+1/2,y+1/2;y,-z,x;x+1/2,z+1/2,y+1/2;-y,z,x;-x+1/2,z+1/2,-y+1/2;y,z,-x
224	P n -3 m	P n -3 m:1	Pn-3m	P 4n 2 3 -1n	x,y,z;-y+1/2,x+1/2,z+1/2;-x,-y,z;y+1/2,-x+1/2,z+1/2;x,-y,-z;-y+1/2,-x+1/2,-z+1/2;-x,y,-z;y+1/2,x+1/2,-z+1/2;z,x,y;z+1/2,-y+1/2,x+1/2;z,-x,-y;z+1/2,y+1/2,-x+1/2;-z,x,-y;-z+1/2,-y+1/2,-x+1/2;-z,-x,y;-z+1/2,y+1/2,x+1/2;-x+1/2,z+1/2,y+1/2;y,z,x;x+1/2,z+1/2,-y+1/2;-y,z,-x;-x+1/2,-z+1/2,-y+1/2;y,-z,-x;x+1/2,-z+1/2,y+1/2;-y,-z,x;-x+1/2,-y+1/2,-z+1/2;y,-x,-z;x+1/2,y+1/2,-z+1/2;-y,x,-z;-x+1/2,y+1/2,z+1/2;y,x,z;x+1/2,-y+1/2,z+1/2;-y,-x,z;-z+1/2,-x+1/2,-y+1/2;-z,y,-x;-z+1/2,x+1/2,y+1/2;-z,-y,x;z+1/2,-x+1/2,y+1/2;z,y,x;z+1/2,x+1/2,-y+1/2;z,-y,-x;x,-z,-y;-y+1/2,-z+1/2,-x+1/2;-x,-z,y;y+1/2,-z+1/2,x+1/2;x,z,y;-y+1/2,z+1/2,x+1/2;-x,z,-y;y+1/2,z+1/2,-x+1/2
224	P n -3 m	P n -3 m:2	Pn-3m	-P 4bc 2bc 3	x,y,z;-y,x+1/2,z+1/2;-x+1/2,-y+1/2,z;y+1/2,-x,z+1/2;x,-y+1/2,-z+1/2;-y,-x,-z;-x+1/2,y,-z+1/2;y+1/2,x+1/2,-z;z,x,y;z+1/2,-y,x+1/2;z,-x+1/2,-y+1/2;z+1/2,y+1/2,-x;-z+1/2,x,-y+1/2;-z,-y,-x;-z+1/2,-x+1/2,y;-z,y+1/2,x+1/2;-x,z+1/2,y+1/2;y,z,x;x+1/2,z+1/2,-y;-y+1/2,z,-x+1/2;-x,-z,-y;y,-z+1/2,-x+1/2;x+1/2,-z,y+1/2;-y+1/2,-z+1/2,x;-x,-y,-z;y,-x+1/2,-z+1/2;x+1/2,y+1/2,-z;-y+1/2,x,-z+1/2;-x,y+1/2,z+1/2;y,x,z;x+1/2,-y,z+1/2;-y+1/2,-x+1/2,z;-z,-x,-y;-z+1/2,y,-x+1/2;-z,x+1/2,y+1/2;-z+1/2,-y+1/2,x;z+1/2,-x,y+1/2;z,y,x;z+1/2,x+1/2,-y;z,-y+1/2,-x+1/2;x,-z+1/2,-y+1/2;-y,-z,-x;-x+1/2,-z+1/2,y;y+1/2,-z,x+1/2;x,z,y;-y,z+1/2,x+1/2;-x+1/2,z,-y+1/2;y+1/2,z+1/2,-x
225	F m -3 m	F m -3 m	Fm-3m	-F 4 2 3	x,y,z;-y,x,z;-x,-y,z;y,-x,z;x,-y,-z;-y,-x,-z;-x,y,-z;y,x,-z;z,x,y;z,-y,x;z,-x,-y;z,y,-x;-z,x,-y;-z,-y,-x;-z,-x,y;-z,y,x;-x,z,y;y,z,x;x,z,-y;-y,z,-x;-x,-z,-y;y,-z,-x;x,-z,y;-y,-z,x;-x,-y,-z;y,-x,-z;x,y,-z;-y,x,-z;-x,y,z;y,x,z;x,-y,z;-y,-x,z;-z,-x,-y;-z,y,-x;-z,x,y;-z,-y,x;z,-x,y;z,y,x;z,x,-y;z,-y,-x;x,-z,-y;-y,-z,-x;-x,-z,y;y,-z,x;x,z,y;-y,z,x;-x,z,-y;y,z,-x;x,y+1/2,z+1/2;-y,x+1/2,z+1/2;-x,-y+1/2,z+1/2;y,-x+1/2,z+1/2;x,-y+1/2,-z+1/2;-y,-x+1/2,-z+1/2;-x,y+1/2,-z+1/2;y,x+1/2,-z+1/2;z,x+1/2,y+1/2;z,-y+1/2,x+1/2;z,-x+1/2,-y+1/2;z,y+1/2,-x+1/2;-z,x+1/2,-y+1/2;-z,-y+1/2,-x+1/2;-z,-x+1/2,y+1/2;-z,y+1/2,x+1/2;-x,z+1/2,y+1/2;y,z+1/2,x+1/2;x,z+1/2,-y+1/2;-y,z+1/2,-x+1/2;-x,-z+1/2,-y+1/2;y,-z+1/2,-x+1/2;x,-z+1/2,y+1/2;-y,-z+1/2,x+1/2;-x,-y+1/2,-z+1/2;y,-x+1/2,-z+1/2;x,y+1/2,-z+1/2;-y,x+1/2,-z+1/2;-x,y+1/2,z+1/2;y,x+1/2,z+1/2;x,-y+1/2,z+1/2;-y,-x+1/2,z+1/2;-z,-x+1/2,-y+1/2;-z,y+1/2,-x+1/2;-z,x+1/2,y+1/2;-z,-y+1/2,x+1/2;z,-x+1/2,y+1/2;z,y+1/2,x+1/2;z,x+1/2,-y+1/2;z,-y+1/2,-x+1/2;x,-z+1/2,-y+1/2;-y,-z+1/2,-x+1/2;-x,-z+1/2,y+1/2;y,-z+1/2,x+1/2;x,z+1/2,y+1/2;-y,z+1/2,x+1/2;-x,z+1/2,-y+1/2;y,z+1/2,-x+1/2;x+1/2,y,z+1/2;-y+1/2,x,z+1/2;-x+1/2,-y,z+1/2;y+1/2,-x,z+1/2;x+1/2,-y,-z+1/2;-y+1/2,-x,-z+1/2;-x+1/2,y,-z+1/2;y+1/2,x,-z+1/2;z+1/2,x,y+1/2;z+1/2,-y,x+1/2;z+1/2,-x,-y+1/2;z+1/2,y,-x+1/2;-z+1/2,x,-y+1/2;-z+1/2,-y,-x+1/2;-z+1/2,-x,y+1/2;-z+1/2,y,x+1/2;-x+1/2,z,y+1/2;y+1/2,z,x+1/2;x+1/2,z,-y+1/2;-y+1/2,z,-x+1/2;-x+1/2,-z,-y+1/2;y+1/2,-z,-x+1/2;x+1/2,-z,y+1/2;-y+1/2,-z,x+1/2;-x+1/2,-y,-z+1/2;y+1/2,-x,-z+1/2;x+1/2,y,-z+1/2;-y+1/2,x,-z+1/2;-x+1/2,y,z+1/2;y+1/2,x,z+1/2;x+1/2,-y,z+1/2;-y+1/2,-x,z+1/2;-z+1/2,-x,-y+1/2;-z+1/2,y,-x+1/2;-z+1/2,x,y+1/2;-z+1/2,-y,x+1/2;z+1/2,-x,y+1/2;z+1/2,y,x+1/2;z+1/2,x,-y+1/2;z+1/2,-y,-x+1/2;x+1/2,-z,-y+1/2;-y+1/2,-z,-x+1/2;-x+1/2,-z,y+1/2;y+1/2,-z,x+1/2;x+1/2,z,y+1/2;-y+1/2,z,x+1/2;-x+1/2,z,-y+1/2;y+1/2,z,-x+1/2;x+1/2,y+1/2,z;-y+1/2,x+1/2,z;-x+1/2,-y+1/2,z;y+1/2,-x+1/2,z;x+1/2,-y+1/2,-z;-y+1/2,-x+1/2,-z;-x+1/2,y+1/2,-z;y+1/2,x+1/2,-z;z+1/2,x+1/2,y;z+1/2,-y+1/2,x;z+1/2,-x+1/2,-y;z+1/2,y+1/2,-x;-z+1/2,x+1/2,-y;-z+1/2,-y+1/2,-x;-z+1/2,-x+1/2,y;-z+1/2,y+1/2,x;-x+1/2,z+1/2,y;y+1/2,z+1/2,x;x+1/2,z+1/2,-y;-y+1/2,z+1/2,-x;-x+1/2,-z+1/2,-y;y+1/2,-z+1/2,-x;x+1/2,-z+1/2,y;-y+1/2,-z+1/2,x;-x+1/2,-y+1/2,-z;y+1/2,-x+1/2,-z;x+1/2,y+1/2,-z;-y+1/2,x+1/2,-z;-x+1/2,y+1/2,z;y+1/2,x+1/2,z;x+1/2,-y+1/2,z;-y+1/2,-x+1/2,z;-z+1/2,-x+1/2,-y;-z+1/2,y+1/2,-x;-z+1/2,x+1/2,y;-z+1/2,-y+1/2,x;z+1/2,-x+1/2,y;z+1/2,y+1/2,x;z+1/2,x+1/2,-y;z+1/2,-y+1/2,-x;x+1/2,-z+1/2,-y;-y+1/2,-z+1/2,-x;-x+1/2,-z+1/2,y;y+1/2,-z+1/2,x;x+1/2,z+1/2,y;-y+1/2,z+1/2,x;-x+1/2,z+1/2,-y;y+1/2,z+1/2,-x
226	F m -3 c	F m -3 c	Fm-3c	-F 4a 2 3	x,y,z;-y+1/2,x,z;-x+1/2,-y+1/2,z;y,-x+1/2,z;x,-y,-z;-y+1/2,-x,-z;-x+1/2,y+1/2,-z;y,x+1/2,-z;z,x,y;z,-y+1/2,x;z,-x+1/2,-y+1/2;z,y,-x+1/2;-z,x,-y;-z,-y+1/2,-x;-z,-x+1/2,y+1/2;-z,y,x+1/2;-x+1/2,z,y;y,z,x;x,z,-y+1/2;-y+1/2,z,-x+1/2;-x+1/2,-z,-y;y,-z,-x;x,-z,y+1/2;-y+1/2,-z,x+1/2;-x,-y,-z;y+1/2,-x,-z;x+1/2,y+1/2,-z;-y,x+1/2,-z;-x,y,z;y+1/2,x,z;x+1/2,-y+1/2,z;-y,-x+1/2,z;-z,-x,-y;-z,y+1/2,-x;-z,x+1/2,y+1/2;-z,-y,x+1/2;z,-x,y;z,y+1/2,x;z,x+1/2,-y+1/2;z,-y,-x+1/2;x+1/2,-z,-y;-y,-z,-x;-x,-z,y+1/2;y+1/2,-z,x+1/2;x+1/2,z,y;-y,z,x;-x,z,-y+1/2;y+1/2,z,-x+1/2;x,y+1/2,z+1/2;-y+1/2,x+1/2,z+1/2;-x+1/2,-y,z+1/2;y,-x,z+1/2;x,-y+1/2,-z+1/2;-y+1/2,-x+1/2,-z+1/2;-x+1/2,y,-z+1/2;y,x,-z+1/2;z,x+1/2,y+1/2;z,-y,x+1/2;z,-x,-y;z,y+1/2,-x;-z,x+1/2,-y+1/2;-z,-y,-x+1/2;-z,-x,y;-z,y+1/2,x;-x+1/2,z+1/2,y+1/2;y,z+1/2,x+1/2;x,z+1/2,-y;-y+1/2,z+1/2,-x;-x+1/2,-z+1/2,-y+1/2;y,-z+1/2,-x+1/2;x,-z+1/2,y;-y+1/2,-z+1/2,x;-x,-y+1/2,-z+1/2;y+1/2,-x+1/2,-z+1/2;x+1/2,y,-z+1/2;-y,x,-z+1/2;-x,y+1/2,z+1/2;y+1/2,x+1/2,z+1/2;x+1/2,-y,z+1/2;-y,-x,z+1/2;-z,-x+1/2,-y+1/2;-z,y,-x+1/2;-z,x,y;-z,-y+1/2,x;z,-x+1/2,y+1/2;z,y,x+1/2;z,x,-y;z,-y+1/2,-x;x+1/2,-z+1/2,-y+1/2;-y,-z+1/2,-x+1/2;-x,-z+1/2,y;y+1/2,-z+1/2,x;x+1/2,z+1/2,y+1/2;-y,z+1/2,x+1/2;-x,z+1/2,-y;y+1/2,z+1/2,-x;x+1/2,y,z+1/2;-y,x,z+1/2;-x,-y+1/2,z+1/2;y+1/2,-x+1/2,z+1/2;x+1/2,-y,-z+1/2;-y,-x,-z+1/2;-x,y+1/2,-z+1/2;y+1/2,x+1/2,-z+1/2;z+1/2,x,y+1/2;z+1/2,-y+1/2,x+1/2;z+1/2,-x+1/2,-y;z+1/2,y,-x;-z+1/2,x,-y+1/2;-z+1/2,-y+1/2,-x+1/2;-z+1/2,-x+1/2,y;-z+1/2,y,x;-x,z,y+1/2;y+1/2,z,x+1/2;x+1/2,z,-y;-y,z,-x;-x,-z,-y+1/2;y+1/2,-z,-x+1/2;x+1/2,-z,y;-y,-z,x;-x+1/2,-y,-z+1/2;y,-x,-z+1/2;x,y+1/2,-z+1/2;-y+1/2,x+1/2,-z+1/2;-x+1/2,y,z+1/2;y,x,z+1/2;x,-y+1/2,z+1/2;-y+1/2,-x+1/2,z+1/2;-z+1/2,-x,-y+1/2;-z+1/2,y+1/2,-x+1/2;-z+1/2,x+1/2,y;-z+1/2,-y,x;z+1/2,-x,y+1/2;z+1/2,y+1/2,x+1/2;z+1/2,x+1/2,-y;z+1/2,-y,-x;x,-z,-y+1/2;-y+1/2,-z,-x+1/2;-x+1/2,-z,y;y,-z,x;x,z,y+1/2;-y+1/2,z,x+1/2;-x+1/2,z,-y;y,z,-x;x+1/2,y+1/2,z;-y,x+1/2,z;-x,-y,z;y+1/2,-x,z;x+1/2,-y+1/2,-z;-y,-x+1/2,-z;-x,y,-z;y+1/2,x,-z;z+1/2,x+1/2,y;z+1/2,-y,x;z+1/2,-x,-y+1/2;z+1/2,y+1/2,-x+1/2;-z+1/2,x+1/2,-y;-z+1/2,-y,-x;-z+1/2,-x,y+1/2;-z+1/2,y+1/2,x+1/2;-x,z+1/2,y;y+1/2,z+1/2,x;x+1/2,z+1/2,-y+1/2;-y,z+1/2,-x+1/2;-x,-z+1/2,-y;y+1/2,-z+1/2,-x;x+1/2,-z+1/2,y+1/2;-y,-z+1/2,x+1/2;-x+1/2,-y+1/2,-z;y,-x+1/2,-z;x,y,-z;-y+1/2,x,-z;-x+1/2,y+1/2,z;y,x+1/2,z;x,-y,z;-y+1/2,-x,z;-z+1/2,-x+1/2,-y;-z+1/2,y,-x;-z+1/2,x,y+1/2;-z+1/2,-y+1/2,x+1/2;z+1/2,-x+1/2,y;z+1/2,y,x;z+1/2,x,-y+1/2;z+1/2,-y+1/2,-x+1/2;x,-z+1/2,-y;-y+1/2,-z+1/2,-x;-x+1/2,-z+1/2,y+1/2;y,-z+1/2,x+1/2;x,z+1/2,y;-y+1/2,z+1/2,x;-x+1/2,z+1/2,-y+1/2;y,z+1/2,-x+1/2
227	F d -3 m	F d -3 m:1	Fd-3m	F 4d 2 3 -1d	x,y,z;-y+1/4,x+1/4,z+1/4;-x,-y+1/2,z+1/2;y+3/4,-x+1/4,z+3/4;x,-y,-z;-y+1/4,-x+3/4,-z+3/4;-x,y+1/2,-z+1/2;y+3/4,x+3/4,-z+1/4;z,x,y;z+1/4,-y+1/4,x+1/4;z+1/2,-x,-y+1/2;z+3/4,y+3/4,-x+1/4;-z,x,-y;-z+3/4,-y+1/4,-x+3/4;-z+1/2,-x,y+1/2;-z+1/4,y+3/4,x+3/4;-x+1/4,z+1/4,y+1/4;y,z+1/2,x+1/2;x+1/4,z+3/4,-y+3/4;-y+1/2,z,-x+1/2;-x+1/4,-z+1/4,-y+1/4;y,-z,-x;x+1/4,-z+3/4,y+3/4;-y+1/2,-z+1/2,x;-x+1/4,-y+1/4,-z+1/4;y,-x,-z;x+1/4,y+3/4,-z+3/4;-y+1/2,x,-z+1/2;-x+1/4,y+1/4,z+1/4;y,x+1/2,z+1/2;x+1/4,-y+3/4,z+3/4;-y+1/2,-x+1/2,z;-z+1/4,-x+1/4,-y+1/4;-z,y,-x;-z+3/4,x+1/4,y+3/4;-z+1/2,-y+1/2,x;z+1/4,-x+1/4,y+1/4;z+1/2,y,x+1/2;z+3/4,x+1/4,-y+3/4;z,-y+1/2,-x+1/2;x,-z,-y;-y+1/4,-z+3/4,-x+3/4;-x,-z+1/2,y+1/2;y+3/4,-z+1/4,x+3/4;x,z,y;-y+1/4,z+1/4,x+1/4;-x,z+1/2,-y+1/2;y+3/4,z+3/4,-x+1/4;x,y+1/2,z+1/2;-y+1/4,x+3/4,z+3/4;-x,-y,z;y+3/4,-x+3/4,z+1/4;x,-y+1/2,-z+1/2;-y+1/4,-x+1/4,-z+1/4;-x,y,-z;y+3/4,x+1/4,-z+3/4;z,x+1/2,y+1/2;z+1/4,-y+3/4,x+3/4;z+1/2,-x+1/2,-y;z+3/4,y+1/4,-x+3/4;-z,x+1/2,-y+1/2;-z+3/4,-y+3/4,-x+1/4;-z+1/2,-x+1/2,y;-z+1/4,y+1/4,x+1/4;-x+1/4,z+3/4,y+3/4;y,z,x;x+1/4,z+1/4,-y+1/4;-y+1/2,z+1/2,-x;-x+1/4,-z+3/4,-y+3/4;y,-z+1/2,-x+1/2;x+1/4,-z+1/4,y+1/4;-y+1/2,-z,x+1/2;-x+1/4,-y+3/4,-z+3/4;y,-x+1/2,-z+1/2;x+1/4,y+1/4,-z+1/4;-y+1/2,x+1/2,-z;-x+1/4,y+3/4,z+3/4;y,x,z;x+1/4,-y+1/4,z+1/4;-y+1/2,-x,z+1/2;-z+1/4,-x+3/4,-y+3/4;-z,y+1/2,-x+1/2;-z+3/4,x+3/4,y+1/4;-z+1/2,-y,x+1/2;z+1/4,-x+3/4,y+3/4;z+1/2,y+1/2,x;z+3/4,x+3/4,-y+1/4;z,-y,-x;x,-z+1/2,-y+1/2;-y+1/4,-z+1/4,-x+1/4;-x,-z,y;y+3/4,-z+3/4,x+1/4;x,z+1/2,y+1/2;-y+1/4,z+3/4,x+3/4;-x,z,-y;y+3/4,z+1/4,-x+3/4;x+1/2,y,z+1/2;-y+3/4,x+1/4,z+3/4;-x+1/2,-y+1/2,z;y+1/4,-x+1/4,z+1/4;x+1/2,-y,-z+1/2;-y+3/4,-x+3/4,-z+1/4;-x+1/2,y+1/2,-z;y+1/4,x+3/4,-z+3/4;z+1/2,x,y+1/2;z+3/4,-y+1/4,x+3/4;z,-x,-y;z+1/4,y+3/4,-x+3/4;-z+1/2,x,-y+1/2;-z+1/4,-y+1/4,-x+1/4;-z,-x,y;-z+3/4,y+3/4,x+1/4;-x+3/4,z+1/4,y+3/4;y+1/2,z+1/2,x;x+3/4,z+3/4,-y+1/4;-y,z,-x;-x+3/4,-z+1/4,-y+3/4;y+1/2,-z,-x+1/2;x+3/4,-z+3/4,y+1/4;-y,-z+1/2,x+1/2;-x+3/4,-y+1/4,-z+3/4;y+1/2,-x,-z+1/2;x+3/4,y+3/4,-z+1/4;-y,x,-z;-x+3/4,y+1/4,z+3/4;y+1/2,x+1/2,z;x+3/4,-y+3/4,z+1/4;-y,-x+1/2,z+1/2;-z+3/4,-x+1/4,-y+3/4;-z+1/2,y,-x+1/2;-z+1/4,x+1/4,y+1/4;-z,-y+1/2,x+1/2;z+3/4,-x+1/4,y+3/4;z,y,x;z+1/4,x+1/4,-y+1/4;z+1/2,-y+1/2,-x;x+1/2,-z,-y+1/2;-y+3/4,-z+3/4,-x+1/4;-x+1/2,-z+1/2,y;y+1/4,-z+1/4,x+1/4;x+1/2,z,y+1/2;-y+3/4,z+1/4,x+3/4;-x+1/2,z+1/2,-y;y+1/4,z+3/4,-x+3/4;x+1/2,y+1/2,z;-y+3/4,x+3/4,z+1/4;-x+1/2,-y,z+1/2;y+1/4,-x+3/4,z+3/4;x+1/2,-y+1/2,-z;-y+3/4,-x+1/4,-z+3/4;-x+1/2,y,-z+1/2;y+1/4,x+1/4,-z+1/4;z+1/2,x+1/2,y;z+3/4,-y+3/4,x+1/4;z,-x+1/2,-y+1/2;z+1/4,y+1/4,-x+1/4;-z+1/2,x+1/2,-y;-z+1/4,-y+3/4,-x+3/4;-z,-x+1/2,y+1/2;-z+3/4,y+1/4,x+3/4;-x+3/4,z+3/4,y+1/4;y+1/2,z,x+1/2;x+3/4,z+1/4,-y+3/4;-y,z+1/2,-x+1/2;-x+3/4,-z+3/4,-y+1/4;y+1/2,-z+1/2,-x;x+3/4,-z+1/4,y+3/4;-y,-z,x;-x+3/4,-y+3/4,-z+1/4;y+1/2,-x+1/2,-z;x+3/4,y+1/4,-z+3/4;-y,x+1/2,-z+1/2;-x+3/4,y+3/4,z+1/4;y+1/2,x,z+1/2;x+3/4,-y+1/4,z+3/4;-y,-x,z;-z+3/4,-x+3/4,-y+1/4;-z+1/2,y+1/2,-x;-z+1/4,x+3/4,y+3/4;-z,-y,x;z+3/4,-x+3/4,y+1/4;z,y+1/2,x+1/2;z+1/4,x+3/4,-y+3/4;z+1/2,-y,-x+1/2;x+1/2,-z+1/2,-y;-y+3/4,-z+1/4,-x+3/4;-x+1/2,-z,y+1/2;y+1/4,-z+3/4,x+3/4;x+1/2,z+1/2,y;-y+3/4,z+3/4,x+1/4;-x+1/2,z,-y+1/2;y+1/4,z+1/4,-x+1/4
227	F d -3 m	F d -3 m:2	Fd-3m	-F 4vw 2vw 3	x,y,z;-y,x+1/4,z+1/4;-x+3/4,-y+1/4,z+1/2;y+3/4,-x,z+3/4;x,-y+1/4,-z+1/4;-y,-x,-z;-x+3/4,y,-z+3/4;y+3/4,x+1/4,-z+1/2;z,x,y;z+1/4,-y,x+1/4;z+1/2,-x+3/4,-y+1/4;z+3/4,y+3/4,-x;-z+1/4,x,-y+1/4;-z,-y,-x;-z+3/4,-x+3/4,y;-z+1/2,y+3/4,x+1/4;-x,z+1/4,y+1/4;y,z+1/2,x+1/2;x+1/4,z+3/4,-y+1/2;-y+1/4,z,-x+1/4;-x,-z+1/2,-y+1/2;y,-z+1/4,-x+1/4;x+1/4,-z,y+1/4;-y+1/4,-z+3/4,x+1/2;-x,-y,-z;y,-x+3/4,-z+3/4;x+1/4,y+3/4,-z+1/2;-y+1/4,x,-z+1/4;-x,y+3/4,z+3/4;y,x,z;x+1/4,-y,z+1/4;-y+1/4,-x+3/4,z+1/2;-z,-x,-y;-z+3/4,y,-x+3/4;-z+1/2,x+1/4,y+3/4;-z+1/4,-y+1/4,x;z+3/4,-x,y+3/4;z,y,x;z+1/4,x+1/4,-y;z+1/2,-y+1/4,-x+3/4;x,-z+3/4,-y+3/4;-y,-z+1/2,-x+1/2;-x+3/4,-z+1/4,y+1/2;y+3/4,-z,x+3/4;x,z+1/2,y+1/2;-y,z+3/4,x+3/4;-x+3/4,z,-y+3/4;y+3/4,z+1/4,-x+1/2;x,y+1/2,z+1/2;-y,x+3/4,z+3/4;-x+3/4,-y+3/4,z;y+3/4,-x+1/2,z+1/4;x,-y+3/4,-z+3/4;-y,-x+1/2,-z+1/2;-x+3/4,y+1/2,-z+1/4;y+3/4,x+3/4,-z;z,x+1/2,y+1/2;z+1/4,-y+1/2,x+3/4;z+1/2,-x+1/4,-y+3/4;z+3/4,y+1/4,-x+1/2;-z+1/4,x+1/2,-y+3/4;-z,-y+1/2,-x+1/2;-z+3/4,-x+1/4,y+1/2;-z+1/2,y+1/4,x+3/4;-x,z+3/4,y+3/4;y,z,x;x+1/4,z+1/4,-y;-y+1/4,z+1/2,-x+3/4;-x,-z,-y;y,-z+3/4,-x+3/4;x+1/4,-z+1/2,y+3/4;-y+1/4,-z+1/4,x;-x,-y+1/2,-z+1/2;y,-x+1/4,-z+1/4;x+1/4,y+1/4,-z;-y+1/4,x+1/2,-z+3/4;-x,y+1/4,z+1/4;y,x+1/2,z+1/2;x+1/4,-y+1/2,z+3/4;-y+1/4,-x+1/4,z;-z,-x+1/2,-y+1/2;-z+3/4,y+1/2,-x+1/4;-z+1/2,x+3/4,y+1/4;-z+1/4,-y+3/4,x+1/2;z+3/4,-x+1/2,y+1/4;z,y+1/2,x+1/2;z+1/4,x+3/4,-y+1/2;z+1/2,-y+3/4,-x+1/4;x,-z+1/4,-y+1/4;-y,-z,-x;-x+3/4,-z+3/4,y;y+3/4,-z+1/2,x+1/4;x,z,y;-y,z+1/4,x+1/4;-x+3/4,z+1/2,-y+1/4;y+3/4,z+3/4,-x;x+1/2,y,z+1/2;-y+1/2,x+1/4,z+3/4;-x+1/4,-y+1/4,z;y+1/4,-x,z+1/4;x+1/2,-y+1/4,-z+3/4;-y+1/2,-x,-z+1/2;-x+1/4,y,-z+1/4;y+1/4,x+1/4,-z;z+1/2,x,y+1/2;z+3/4,-y,x+3/4;z,-x+3/4,-y+3/4;z+1/4,y+3/4,-x+1/2;-z+3/4,x,-y+3/4;-z+1/2,-y,-x+1/2;-z+1/4,-x+3/4,y+1/2;-z,y+3/4,x+3/4;-x+1/2,z+1/4,y+3/4;y+1/2,z+1/2,x;x+3/4,z+3/4,-y;-y+3/4,z,-x+3/4;-x+1/2,-z+1/2,-y;y+1/2,-z+1/4,-x+3/4;x+3/4,-z,y+3/4;-y+3/4,-z+3/4,x;-x+1/2,-y,-z+1/2;y+1/2,-x+3/4,-z+1/4;x+3/4,y+3/4,-z;-y+3/4,x,-z+3/4;-x+1/2,y+3/4,z+1/4;y+1/2,x,z+1/2;x+3/4,-y,z+3/4;-y+3/4,-x+3/4,z;-z+1/2,-x,-y+1/2;-z+1/4,y,-x+1/4;-z,x+1/4,y+1/4;-z+3/4,-y+1/4,x+1/2;z+1/4,-x,y+1/4;z+1/2,y,x+1/2;z+3/4,x+1/4,-y+1/2;z,-y+1/4,-x+1/4;x+1/2,-z+3/4,-y+1/4;-y+1/2,-z+1/2,-x;-x+1/4,-z+1/4,y;y+1/4,-z,x+1/4;x+1/2,z+1/2,y;-y+1/2,z+3/4,x+1/4;-x+1/4,z,-y+1/4;y+1/4,z+1/4,-x;x+1/2,y+1/2,z;-y+1/2,x+3/4,z+1/4;-x+1/4,-y+3/4,z+1/2;y+1/4,-x+1/2,z+3/4;x+1/2,-y+3/4,-z+1/4;-y+1/2,-x+1/2,-z;-x+1/4,y+1/2,-z+3/4;y+1/4,x+3/4,-z+1/2;z+1/2,x+1/2,y;z+3/4,-y+1/2,x+1/4;z,-x+1/4,-y+1/4;z+1/4,y+1/4,-x;-z+3/4,x+1/2,-y+1/4;-z+1/2,-y+1/2,-x;-z+1/4,-x+1/4,y;-z,y+1/4,x+1/4;-x+1/2,z+3/4,y+1/4;y+1/2,z,x+1/2;x+3/4,z+1/4,-y+1/2;-y+3/4,z+1/2,-x+1/4;-x+1/2,-z,-y+1/2;y+1/2,-z+3/4,-x+1/4;x+3/4,-z+1/2,y+1/4;-y+3/4,-z+1/4,x+1/2;-x+1/2,-y+1/2,-z;y+1/2,-x+1/4,-z+3/4;x+3/4,y+1/4,-z+1/2;-y+3/4,x+1/2,-z+1/4;-x+1/2,y+1/4,z+3/4;y+1/2,x+1/2,z;x+3/4,-y+1/2,z+1/4;-y+3/4,-x+1/4,z+1/2;-z+1/2,-x+1/2,-y;-z+1/4,y+1/2,-x+3/4;-z,x+3/4,y+3/4;-z+3/4,-y+3/4,x;z+1/4,-x+1/2,y+3/4;z+1/2,y+1/2,x;z+3/4,x+3/4,-y;z,-y+3/4,-x+3/4;x+1/2,-z+1/4,-y+3/4;-y+1/2,-z,-x+1/2;-x+1/4,-z+3/4,y+1/2;y+1/4,-z+1/2,x+3/4;x+1/2,z,y+1/2;-y+1/2,z+1/4,x+3/4;-x+1/4,z+1/2,-y+3/4;y+1/4,z+3/4,-x+1/2
228	F d -3 c	F d -3 c:1	Fd-3c	F 4d 2 3 -1ad	x,y,z;-y+1/4,x+1/4,z+1/4;-x,-y+1/2,z+1/2;y+3/4,-x+1/4,z+3/4;x,-y,-z;-y+1/4,-x+3/4,-z+3/4;-x,y+1/2,-z+1/2;y+3/4,x+3/4,-z+1/4;z,x,y;z+1/4,-y+1/4,x+1/4;z+1/2,-x,-y+1/2;z+3/4,y+3/4,-x+1/4;-z,x,-y;-z+3/4,-y+1/4,-x+3/4;-z+1/2,-x,y+1/2;-z+1/4,y+3/4,x+3/4;-x+1/4,z+1/4,y+1/4;y,z+1/2,x+1/2;x+1/4,z+3/4,-y+3/4;-y+1/2,z,-x+1/2;-x+1/4,-z+1/4,-y+1/4;y,-z,-x;x+1/4,-z+3/4,y+3/4;-y+1/2,-z+1/2,x;-x+3/4,-y+1/4,-z+1/4;y+1/2,-x,-z;x+3/4,y+3/4,-z+3/4;-y,x,-z+1/2;-x+3/4,y+1/4,z+1/4;y+1/2,x+1/2,z+1/2;x+3/4,-y+3/4,z+3/4;-y,-x+1/2,z;-z+3/4,-x+1/4,-y+1/4;-z+1/2,y,-x;-z+1/4,x+1/4,y+3/4;-z,-y+1/2,x;z+3/4,-x+1/4,y+1/4;z,y,x+1/2;z+1/4,x+1/4,-y+3/4;z+1/2,-y+1/2,-x+1/2;x+1/2,-z,-y;-y+3/4,-z+3/4,-x+3/4;-x+1/2,-z+1/2,y+1/2;y+1/4,-z+1/4,x+3/4;x+1/2,z,y;-y+3/4,z+1/4,x+1/4;-x+1/2,z+1/2,-y+1/2;y+1/4,z+3/4,-x+1/4;x,y+1/2,z+1/2;-y+1/4,x+3/4,z+3/4;-x,-y,z;y+3/4,-x+3/4,z+1/4;x,-y+1/2,-z+1/2;-y+1/4,-x+1/4,-z+1/4;-x,y,-z;y+3/4,x+1/4,-z+3/4;z,x+1/2,y+1/2;z+1/4,-y+3/4,x+3/4;z+1/2,-x+1/2,-y;z+3/4,y+1/4,-x+3/4;-z,x+1/2,-y+1/2;-z+3/4,-y+3/4,-x+1/4;-z+1/2,-x+1/2,y;-z+1/4,y+1/4,x+1/4;-x+1/4,z+3/4,y+3/4;y,z,x;x+1/4,z+1/4,-y+1/4;-y+1/2,z+1/2,-x;-x+1/4,-z+3/4,-y+3/4;y,-z+1/2,-x+1/2;x+1/4,-z+1/4,y+1/4;-y+1/2,-z,x+1/2;-x+3/4,-y+3/4,-z+3/4;y+1/2,-x+1/2,-z+1/2;x+3/4,y+1/4,-z+1/4;-y,x+1/2,-z;-x+3/4,y+3/4,z+3/4;y+1/2,x,z;x+3/4,-y+1/4,z+1/4;-y,-x,z+1/2;-z+3/4,-x+3/4,-y+3/4;-z+1/2,y+1/2,-x+1/2;-z+1/4,x+3/4,y+1/4;-z,-y,x+1/2;z+3/4,-x+3/4,y+3/4;z,y+1/2,x;z+1/4,x+3/4,-y+1/4;z+1/2,-y,-x;x+1/2,-z+1/2,-y+1/2;-y+3/4,-z+1/4,-x+1/4;-x+1/2,-z,y;y+1/4,-z+3/4,x+1/4;x+1/2,z+1/2,y+1/2;-y+3/4,z+3/4,x+3/4;-x+1/2,z,-y;y+1/4,z+1/4,-x+3/4;x+1/2,y,z+1/2;-y+3/4,x+1/4,z+3/4;-x+1/2,-y+1/2,z;y+1/4,-x+1/4,z+1/4;x+1/2,-y,-z+1/2;-y+3/4,-x+3/4,-z+1/4;-x+1/2,y+1/2,-z;y+1/4,x+3/4,-z+3/4;z+1/2,x,y+1/2;z+3/4,-y+1/4,x+3/4;z,-x,-y;z+1/4,y+3/4,-x+3/4;-z+1/2,x,-y+1/2;-z+1/4,-y+1/4,-x+1/4;-z,-x,y;-z+3/4,y+3/4,x+1/4;-x+3/4,z+1/4,y+3/4;y+1/2,z+1/2,x;x+3/4,z+3/4,-y+1/4;-y,z,-x;-x+3/4,-z+1/4,-y+3/4;y+1/2,-z,-x+1/2;x+3/4,-z+3/4,y+1/4;-y,-z+1/2,x+1/2;-x+1/4,-y+1/4,-z+3/4;y,-x,-z+1/2;x+1/4,y+3/4,-z+1/4;-y+1/2,x,-z;-x+1/4,y+1/4,z+3/4;y,x+1/2,z;x+1/4,-y+3/4,z+1/4;-y+1/2,-x+1/2,z+1/2;-z+1/4,-x+1/4,-y+3/4;-z,y,-x+1/2;-z+3/4,x+1/4,y+1/4;-z+1/2,-y+1/2,x+1/2;z+1/4,-x+1/4,y+3/4;z+1/2,y,x;z+3/4,x+1/4,-y+1/4;z,-y+1/2,-x;x,-z,-y+1/2;-y+1/4,-z+3/4,-x+1/4;-x,-z+1/2,y;y+3/4,-z+1/4,x+1/4;x,z,y+1/2;-y+1/4,z+1/4,x+3/4;-x,z+1/2,-y;y+3/4,z+3/4,-x+3/4;x+1/2,y+1/2,z;-y+3/4,x+3/4,z+1/4;-x+1/2,-y,z+1/2;y+1/4,-x+3/4,z+3/4;x+1/2,-y+1/2,-z;-y+3/4,-x+1/4,-z+3/4;-x+1/2,y,-z+1/2;y+1/4,x+1/4,-z+1/4;z+1/2,x+1/2,y;z+3/4,-y+3/4,x+1/4;z,-x+1/2,-y+1/2;z+1/4,y+1/4,-x+1/4;-z+1/2,x+1/2,-y;-z+1/4,-y+3/4,-x+3/4;-z,-x+1/2,y+1/2;-z+3/4,y+1/4,x+3/4;-x+3/4,z+3/4,y+1/4;y+1/2,z,x+1/2;x+3/4,z+1/4,-y+3/4;-y,z+1/2,-x+1/2;-x+3/4,-z+3/4,-y+1/4;y+1/2,-z+1/2,-x;x+3/4,-z+1/4,y+3/4;-y,-z,x;-x+1/4,-y+3/4,-z+1/4;y,-x+1/2,-z;x+1/4,y+1/4,-z+3/4;-y+1/2,x+1/2,-z+1/2;-x+1/4,y+3/4,z+1/4;y,x,z+1/2;x+1/4,-y+1/4,z+3/4;-y+1/2,-x,z;-z+1/4,-x+3/4,-y+1/4;-z,y+1/2,-x;-z+3/4,x+3/4,y+3/4;-z+1/2,-y,x;z+1/4,-x+3/4,y+1/4;z+1/2,y+1/2,x+1/2;z+3/4,x+3/4,-y+3/4;z,-y,-x+1/2;x,-z+1/2,-y;-y+1/4,-z+1/4,-x+3/4;-x,-z,y+1/2;y+3/4,-z+3/4,x+3/4;x,z+1/2,y;-y+1/4,z+3/4,x+1/4;-x,z,-y+1/2;y+3/4,z+1/4,-x+1/4
228	F d -3 c	F d -3 c:2	Fd-3c	-F 4ud 2vw 3	x,y,z;-y+1/2,x+1/4,z+1/4;-x+1/4,-y+3/4,z+1/2;y+3/4,-x+1/2,z+3/4;x,-y+1/4,-z+1/4;-y+1/2,-x,-z;-x+1/4,y+1/2,-z+3/4;y+3/4,x+3/4,-z+1/2;z,x,y;z+1/4,-y+1/2,x+1/4;z+1/2,-x+1/4,-y+3/4;z+3/4,y+3/4,-x+1/2;-z+1/4,x,-y+1/4;-z,-y+1/2,-x;-z+3/4,-x+1/4,y+1/2;-z+1/2,y+3/4,x+3/4;-x+1/2,z+1/4,y+1/4;y,z+1/2,x+1/2;x+1/4,z+3/4,-y;-y+3/4,z,-x+3/4;-x+1/2,-z+1/2,-y+1/2;y,-z+1/4,-x+1/4;x+1/4,-z,y+3/4;-y+3/4,-z+3/4,x;-x,-y,-z;y+1/2,-x+3/4,-z+3/4;x+3/4,y+1/4,-z+1/2;-y+1/4,x+1/2,-z+1/4;-x,y+3/4,z+3/4;y+1/2,x,z;x+3/4,-y+1/2,z+1/4;-y+1/4,-x+1/4,z+1/2;-z,-x,-y;-z+3/4,y+1/2,-x+3/4;-z+1/2,x+3/4,y+1/4;-z+1/4,-y+1/4,x+1/2;z+3/4,-x,y+3/4;z,y+1/2,x;z+1/4,x+3/4,-y+1/2;z+1/2,-y+1/4,-x+1/4;x+1/2,-z+3/4,-y+3/4;-y,-z+1/2,-x+1/2;-x+3/4,-z+1/4,y;y+1/4,-z,x+1/4;x+1/2,z+1/2,y+1/2;-y,z+3/4,x+3/4;-x+3/4,z,-y+1/4;y+1/4,z+1/4,-x;x,y+1/2,z+1/2;-y+1/2,x+3/4,z+3/4;-x+1/4,-y+1/4,z;y+3/4,-x,z+1/4;x,-y+3/4,-z+3/4;-y+1/2,-x+1/2,-z+1/2;-x+1/4,y,-z+1/4;y+3/4,x+1/4,-z;z,x+1/2,y+1/2;z+1/4,-y,x+3/4;z+1/2,-x+3/4,-y+1/4;z+3/4,y+1/4,-x;-z+1/4,x+1/2,-y+3/4;-z,-y,-x+1/2;-z+3/4,-x+3/4,y;-z+1/2,y+1/4,x+1/4;-x+1/2,z+3/4,y+3/4;y,z,x;x+1/4,z+1/4,-y+1/2;-y+3/4,z+1/2,-x+1/4;-x+1/2,-z,-y;y,-z+3/4,-x+3/4;x+1/4,-z+1/2,y+1/4;-y+3/4,-z+1/4,x+1/2;-x,-y+1/2,-z+1/2;y+1/2,-x+1/4,-z+1/4;x+3/4,y+3/4,-z;-y+1/4,x,-z+3/4;-x,y+1/4,z+1/4;y+1/2,x+1/2,z+1/2;x+3/4,-y,z+3/4;-y+1/4,-x+3/4,z;-z,-x+1/2,-y+1/2;-z+3/4,y,-x+1/4;-z+1/2,x+1/4,y+3/4;-z+1/4,-y+3/4,x;z+3/4,-x+1/2,y+1/4;z,y,x+1/2;z+1/4,x+1/4,-y;z+1/2,-y+3/4,-x+3/4;x+1/2,-z+1/4,-y+1/4;-y,-z,-x;-x+3/4,-z+3/4,y+1/2;y+1/4,-z+1/2,x+3/4;x+1/2,z,y;-y,z+1/4,x+1/4;-x+3/4,z+1/2,-y+3/4;y+1/4,z+3/4,-x+1/2;x+1/2,y,z+1/2;-y,x+1/4,z+3/4;-x+3/4,-y+3/4,z;y+1/4,-x+1/2,z+1/4;x+1/2,-y+1/4,-z+3/4;-y,-x,-z+1/2;-x+3/4,y+1/2,-z+1/4;y+1/4,x+3/4,-z;z+1/2,x,y+1/2;z+3/4,-y+1/2,x+3/4;z,-x+1/4,-y+1/4;z+1/4,y+3/4,-x;-z+3/4,x,-y+3/4;-z+1/2,-y+1/2,-x+1/2;-z+1/4,-x+1/4,y;-z,y+3/4,x+1/4;-x,z+1/4,y+3/4;y+1/2,z+1/2,x;x+3/4,z+3/4,-y+1/2;-y+1/4,z,-x+1/4;-x,-z+1/2,-y;y+1/2,-z+1/4,-x+3/4;x+3/4,-z,y+1/4;-y+1/4,-z+3/4,x+1/2;-x+1/2,-y,-z+1/2;y,-x+3/4,-z+1/4;x+1/4,y+1/4,-z;-y+3/4,x+1/2,-z+3/4;-x+1/2,y+3/4,z+1/4;y,x,z+1/2;x+1/4,-y+1/2,z+3/4;-y+3/4,-x+1/4,z;-z+1/2,-x,-y+1/2;-z+1/4,y+1/2,-x+1/4;-z,x+3/4,y+3/4;-z+3/4,-y+1/4,x;z+1/4,-x,y+1/4;z+1/2,y+1/2,x+1/2;z+3/4,x+3/4,-y;z,-y+1/4,-x+3/4;x,-z+3/4,-y+1/4;-y+1/2,-z+1/2,-x;-x+1/4,-z+1/4,y+1/2;y+3/4,-z,x+3/4;x,z+1/2,y;-y+1/2,z+3/4,x+1/4;-x+1/4,z,-y+3/4;y+3/4,z+1/4,-x+1/2;x+1/2,y+1/2,z;-y,x+3/4,z+1/4;-x+3/4,-y+1/4,z+1/2;y+1/4,-x,z+3/4;x+1/2,-y+3/4,-z+1/4;-y,-x+1/2,-z;-x+3/4,y,-z+3/4;y+1/4,x+1/4,-z+1/2;z+1/2,x+1/2,y;z+3/4,-y,x+1/4;z,-x+3/4,-y+3/4;z+1/4,y+1/4,-x+1/2;-z+3/4,x+1/2,-y+1/4;-z+1/2,-y,-x;-z+1/4,-x+3/4,y+1/2;-z,y+1/4,x+3/4;-x,z+3/4,y+1/4;y+1/2,z,x+1/2;x+3/4,z+1/4,-y;-y+1/4,z+1/2,-x+3/4;-x,-z,-y+1/2;y+1/2,-z+3/4,-x+1/4;x+3/4,-z+1/2,y+3/4;-y+1/4,-z+1/4,x;-x+1/2,-y+1/2,-z;y,-x+1/4,-z+3/4;x+1/4,y+3/4,-z+1/2;-y+3/4,x,-z+1/4;-x+1/2,y+1/4,z+3/4;y,x+1/2,z;x+1/4,-y,z+1/4;-y+3/4,-x+3/4,z+1/2;-z+1/2,-x+1/2,-y;-z+1/4,y,-x+3/4;-z,x+1/4,y+1/4;-z+3/4,-y+3/4,x+1/2;z+1/4,-x+1/2,y+3/4;z+1/2,y,x;z+3/4,x+1/4,-y+1/2;z,-y+3/4,-x+1/4;x,-z+1/4,-y+3/4;-y+1/2,-z,-x+1/2;-x+1/4,-z+3/4,y;y+3/4,-z+1/2,x+1/4;x,z,y+1/2;-y+1/2,z+1/4,x+3/4;-x+1/4,z+1/2,-y+1/4;y+3/4,z+3/4,-x
229	I m -3 m	I m -3 m	Im-3m	-I 4 2 3	x,y,z;-y,x,z;-x,-y,z;y,-x,z;x,-y,-z;-y,-x,-z;-x,y,-z;y,x,-z;z,x,y;z,-y,x;z,-x,-y;z,y,-x;-z,x,-y;-z,-y,-x;-z,-x,y;-z,y,x;-x,z,y;y,z,x;x,z,-y;-y,z,-x;-x,-z,-y;y,-z,-x;x,-z,y;-y,-z,x;-x,-y,-z;y,-x,-z;x,y,-z;-y,x,-z;-x,y,z;y,x,z;x,-y,z;-y,-x,z;-z,-x,-y;-z,y,-x;-z,x,y;-z,-y,x;z,-x,y;z,y,x;z,x,-y;z,-y,-x;x,-z,-y;-y,-z,-x;-x,-z,y;y,-z,x;x,z,y;-y,z,x;-x,z,-y;y,z,-x;x+1/2,y+1/2,z+1/2;-y+1/2,x+1/2,z+1/2;-x+1/2,-y+1/2,z+1/2;y+1/2,-x+1/2,z+1/2;x+1/2,-y+1/2,-z+1/2;-y+1/2,-x+1/2,-z+1/2;-x+1/2,y+1/2,-z+1/2;y+1/2,x+1/2,-z+1/2;z+1/2,x+1/2,y+1/2;z+1/2,-y+1/2,x+1/2;z+1/2,-x+1/2,-y+1/2;z+1/2,y+1/2,-x+1/2;-z+1/2,x+1/2,-y+1/2;-z+1/2,-y+1/2,-x+1/2;-z+1/2,-x+1/2,y+1/2;-z+1/2,y+1/2,x+1/2;-x+1/2,z+1/2,y+1/2;y+1/2,z+1/2,x+1/2;x+1/2,z+1/2,-y+1/2;-y+1/2,z+1/2,-x+1/2;-x+1/2,-z+1/2,-y+1/2;y+1/2,-z+1/2,-x+1/2;x+1/2,-z+1/2,y+1/2;-y+1/2,-z+1/2,x+1/2;-x+1/2,-y+1/2,-z+1/2;y+1/2,-x+1/2,-z+1/2;x+1/2,y+1/2,-z+1/2;-y+1/2,x+1/2,-z+1/2;-x+1/2,y+1/2,z+1/2;y+1/2,x+1/2,z+1/2;x+1/2,-y+1/2,z+1/2;-y+1/2,-x+1/2,z+1/2;-z+1/2,-x+1/2,-y+1/2;-z+1/2,y+1/2,-x+1/2;-z+1/2,x+1/2,y+1/2;-z+1/2,-y+1/2,x+1/2;z+1/2,-x+1/2,y+1/2;z+1/2,y+1/2,x+1/2;z+1/2,x+1/2,-y+1/2;z+1/2,-y+1/2,-x+1/2;x+1/2,-z+1/2,-y+1/2;-y+1/2,-z+1/2,-x+1/2;-x+1/2,-z+1/2,y+1/2;y+1/2,-z+1/2,x+1/2;x+1/2,z+1/2,y+1/2;-y+1/2,z+1/2,x+1/2;-x+1/2,z+1/2,-y+1/2;y+1/2,z+1/2,-x+1/2
230	I a -3 d	I a -3 d	Ia-3d	-I 4bd 2c 3	x,y,z;-y+1/4,x+3/4,z+1/4;-x+1/2,-y,z+1/2;y+1/4,-x+1/4,z+3/4;x,-y,-z+1/2;-y+1/4,-x+1/4,-z+1/4;-x+1/2,y,-z;y+1/4,x+3/4,-z+3/4;z,x,y;z+1/4,-y+1/4,x+3/4;z+1/2,-x+1/2,-y;z+3/4,y+1/4,-x+1/4;-z+1/2,x,-y;-z+1/4,-y+1/4,-x+1/4;-z,-x+1/2,y;-z+3/4,y+1/4,x+3/4;-x+1/4,z+3/4,y+1/4;y,z,x;x+3/4,z+1/4,-y+1/4;-y,z+1/2,-x+1/2;-x+1/4,-z+1/4,-y+1/4;y,-z,-x+1/2;x+3/4,-z+3/4,y+1/4;-y,-z+1/2,x;-x,-y,-z;y+3/4,-x+1/4,-z+3/4;x+1/2,y,-z+1/2;-y+3/4,x+3/4,-z+1/4;-x,y,z+1/2;y+3/4,x+3/4,z+3/4;x+1/2,-y,z;-y+3/4,-x+1/4,z+1/4;-z,-x,-y;-z+3/4,y+3/4,-x+1/4;-z+1/2,x+1/2,y;-z+1/4,-y+3/4,x+3/4;z+1/2,-x,y;z+3/4,y+3/4,x+3/4;z,x+1/2,-y;z+1/4,-y+3/4,-x+1/4;x+3/4,-z+1/4,-y+3/4;-y,-z,-x;-x+1/4,-z+3/4,y+3/4;y,-z+1/2,x+1/2;x+3/4,z+3/4,y+3/4;-y,z,x+1/2;-x+1/4,z+1/4,-y+3/4;y,z+1/2,-x;x+1/2,y+1/2,z+1/2;-y+3/4,x+1/4,z+3/4;-x,-y+1/2,z;y+3/4,-x+3/4,z+1/4;x+1/2,-y+1/2,-z;-y+3/4,-x+3/4,-z+3/4;-x,y+1/2,-z+1/2;y+3/4,x+1/4,-z+1/4;z+1/2,x+1/2,y+1/2;z+3/4,-y+3/4,x+1/4;z,-x,-y+1/2;z+1/4,y+3/4,-x+3/4;-z,x+1/2,-y+1/2;-z+3/4,-y+3/4,-x+3/4;-z+1/2,-x,y+1/2;-z+1/4,y+3/4,x+1/4;-x+3/4,z+1/4,y+3/4;y+1/2,z+1/2,x+1/2;x+1/4,z+3/4,-y+3/4;-y+1/2,z,-x;-x+3/4,-z+3/4,-y+3/4;y+1/2,-z+1/2,-x;x+1/4,-z+1/4,y+3/4;-y+1/2,-z,x+1/2;-x+1/2,-y+1/2,-z+1/2;y+1/4,-x+3/4,-z+1/4;x,y+1/2,-z;-y+1/4,x+1/4,-z+3/4;-x+1/2,y+1/2,z;y+1/4,x+1/4,z+1/4;x,-y+1/2,z+1/2;-y+1/4,-x+3/4,z+3/4;-z+1/2,-x+1/2,-y+1/2;-z+1/4,y+1/4,-x+3/4;-z,x,y+1/2;-z+3/4,-y+1/4,x+1/4;z,-x+1/2,y+1/2;z+1/4,y+1/4,x+1/4;z+1/2,x,-y+1/2;z+3/4,-y+1/4,-x+3/4;x+1/4,-z+3/4,-y+1/4;-y+1/2,-z+1/2,-x+1/2;-x+3/4,-z+1/4,y+1/4;y+1/2,-z,x;x+1/4,z+1/4,y+1/4;-y+1/2,z+1/2,x;-x+3/4,z+3/4,-y+1/4;y+1/2,z,-x+1/2
5	I 1 21 1	I 1 21 1	I21	I 2yb	x,y,z;-x,y+1/2,-z;x+1/2,y+1/2,z+1/2;-x+1/2,y,-z+1/2
5	C 1 21 1	C 1 21 1	C21	C 2yb	x,y,z;-x,y+1/2,-z;x+1/2,y+1/2,z;-x+1/2,y,-z
18	P 21212(a)	P 21212(a)	P21212(a)	P 2ab 2a	x,y,z;-x+1/2,-y+1/2,z;x+1/2,-y,-z;-x,y+1/2,-z
20	C 2 2 21a)	C 2 2 21a)	C2221a)	C 2ac 2	x,y,z;-x+1/2,-y,z+1/2;x,-y,-z;-x+1/2,y,-z+1/2;x+1/2,y+1/2,z;-x,-y+1/2,z+1/2;x+1/2,-y+1/2,-z;-x,y+1/2,-z+1/2
21	C 2 2 2a	C 2 2 2a	C222a	C 2ab 2b	x,y,z;-x+1/2,-y+1/2,z;x,-y+1/2,-z;-x+1/2,y,-z;x+1/2,y+1/2,z;-x,-y,z;x+1/2,-y,-z;-x,y+1/2,-z
22	F 2 2 2a	F 2 2 2a	F222a	F 2 2c	x,y,z;-x,-y,z;x,-y,-z+1/2;-x,y,-z+1/2;x,y+1/2,z+1/2;-x,-y+1/2,z+1/2;x,-y+1/2,-z;-x,y+1/2,-z;x+1/2,y,z+1/2;-x+1/2,-y,z+1/2;x+1/2,-y,-z;-x+1/2,y,-z;x+1/2,y+1/2,z;-x+1/2,-y+1/2,z;x+1/2,-y+1/2,-z+1/2;-x+1/2,y+1/2,-z+1/2
23	I 2 2 2a	I 2 2 2a	I222a	I 2ab 2bc	x,y,z;-x+1/2,-y+1/2,z;x,-y+1/2,-z+1/2;-x+1/2,y,-z+1/2;x+1/2,y+1/2,z+1/2;-x,-y,z+1/2;x+1/2,-y,-z;-x,y+1/2,-z
94	P 42 21 2a	P 42 21 2a	P42212a	P 4bc 2a	x,y,z;-y,x+1/2,z+1/2;-x+1/2,-y+1/2,z;y+1/2,-x,z+1/2;x+1/2,-y,-z;-y+1/2,-x+1/2,-z+1/2;-x,y+1/2,-z;y,x,-z+1/2
197	I 2 3a	I 2 3a	I23a	I 2ab 2bc 3	x,y,z;-x+1/2,-y+1/2,z;x,-y+1/2,-z+1/2;-x+1/2,y,-z+1/2;z,x,y;z,-x+1/2,-y+1/2;-z+1/2,x,-y+1/2;-z+1/2,-x+1/2,y;y,z,x;-y+1/2,z,-x+1/2;-y+1/2,-z+1/2,x;y,-z+1/2,-x+1/2;x+1/2,y+1/2,z+1/2;-x,-y,z+1/2;x+1/2,-y,-z;-x,y+1/2,-z;z+1/2,x+1/2,y+1/2;z+1/2,-x,-y;-z,x+1/2,-y;-z,-x,y+1/2;y+1/2,z+1/2,x+1/2;-y,z+1/2,-x;-y,-z,x+1/2;y+1/2,-z,-x
1	A 1	A 1	A1	A 1	x,y,z;x,y+1/2,z+1/2
1	B 1	B 1	B1	B 1	x,y,z;x+1/2,y,z+1/2
1	C 1	C 1	C1	C 1	x,y,z;x+1/2,y+1/2,z
1	F 1	F 1	F1	F 1	x,y,z;x,y+1/2,z+1/2;x+1/2,y,z+1/2;x+1/2,y+1/2,z
1	I 1	I 1	I1	I 1	x,y,z;x+1/2,y+1/2,z+1/2
2	A -1	A -1	A-1	-A 1	x,y,z;-x,-y,-z;x,y+1/2,z+1/2;-x,-y+1/2,-z+1/2
2	B -1	B -1	B-1	-B 1	x,y,z;-x,-y,-z;x+1/2,y,z+1/2;-x+1/2,-y,-z+1/2
2	C -1	C -1	C-1	-C 1	x,y,z;-x,-y,-z;x+1/2,y+1/2,z;-x+1/2,-y+1/2,-z
2	F -1	F -1	F-1	-F 1	x,y,z;-x,-y,-z;x,y+1/2,z+1/2;-x,-y+1/2,-z+1/2;x+1/2,y,z+1/2;-x+1/2,-y,-z+1/2;x+1/2,y+1/2,z;-x+1/2,-y+1/2,-z
2	I -1	I -1	I-1	-I 1	x,y,z;-x,-y,-z;x+1/2,y+1/2,z+1/2;-x+1/2,-y+1/2,-z+1/2
3	B 1 2 1	B 1 2 1	B2	B 2y	x,y,z;-x,y,-z;x+1/2,y,z+1/2;-x+1/2,y,-z+1/2
3	C 1 1 2	C 1 1 2	C112	C 2	x,y,z;-x,-y,z;x+1/2,y+1/2,z;-x+1/2,-y+1/2,z
4	B 1 21 1	B 1 21 1	B21	B 2yb	x,y,z;-x,y+1/2,-z;x+1/2,y,z+1/2;-x+1/2,y+1/2,-z+1/2
4	C 1 1 21	C 1 1 21	C1121	C 2c	x,y,z;-x,-y,z+1/2;x+1/2,y+1/2,z;-x+1/2,-y+1/2,z+1/2
5	F 1 2 1	F 1 2 1	F2	F 2y	x,y,z;-x,y,-z;x,y+1/2,z+1/2;-x,y+1/2,-z+1/2;x+1/2,y,z+1/2;-x+1/2,y,-z+1/2;x+1/2,y+1/2,z;-x+1/2,y+1/2,-z
8	F 1 m 1	F 1 m 1	Fm	F -2y	x,y,z;x,-y,z;x,y+1/2,z+1/2;x,-y+1/2,z+1/2;x+1/2,y,z+1/2;x+1/2,-y,z+1/2;x+1/2,y+1/2,z;x+1/2,-y+1/2,z
9	F 1 d 1	F 1 d 1	Fd	F -2yuw	x,y,z;x+1/4,-y,z+1/4;x,y+1/2,z+1/2;x+1/4,-y+1/2,z+3/4;x+1/2,y,z+1/2;x+3/4,-y,z+3/4;x+1/2,y+1/2,z;x+3/4,-y+1/2,z+1/4
12	F 1 2/m 1	F 1 2/m 1	F2/m	-F 2y	x,y,z;-x,y,-z;-x,-y,-z;x,-y,z;x,y+1/2,z+1/2;-x,y+1/2,-z+1/2;-x,-y+1/2,-z+1/2;x,-y+1/2,z+1/2;x+1/2,y,z+1/2;-x+1/2,y,-z+1/2;-x+1/2,-y,-z+1/2;x+1/2,-y,z+1/2;x+1/2,y+1/2,z;-x+1/2,y+1/2,-z;-x+1/2,-y+1/2,-z;x+1/2,-y+1/2,z
64	A b a m	A b a m	Abam	-A 2 2ab	x,y,z;-x,-y,z;x+1/2,-y+1/2,-z;-x+1/2,y+1/2,-z;-x,-y,-z;x,y,-z;-x+1/2,y+1/2,z;x+1/2,-y+1/2,z;x,y+1/2,z+1/2;-x,-y+1/2,z+1/2;x+1/2,-y,-z+1/2;-x+1/2,y,-z+1/2;-x,-y+1/2,-z+1/2;x,y+1/2,-z+1/2;-x+1/2,y,z+1/2;x+1/2,-y,z+1/2
89	C 4 2 2	C 4 2 2	C422	C 4 2	x,y,z;-y,x,z;-x,-y,z;y,-x,z;x,-y,-z;-y,-x,-z;-x,y,-z;y,x,-z;x+1/2,y+1/2,z;-y+1/2,x+1/2,z;-x+1/2,-y+1/2,z;y+1/2,-x+1/2,z;x+1/2,-y+1/2,-z;-y+1/2,-x+1/2,-z;-x+1/2,y+1/2,-z;y+1/2,x+1/2,-z
90	C 4 2 21	C 4 2 21	C4221	C 4a 2	x,y,z;-y+1/2,x,z;-x+1/2,-y+1/2,z;y,-x+1/2,z;x,-y,-z;-y+1/2,-x,-z;-x+1/2,y+1/2,-z;y,x+1/2,-z;x+1/2,y+1/2,z;-y,x+1/2,z;-x,-y,z;y+1/2,-x,z;x+1/2,-y+1/2,-z;-y,-x+1/2,-z;-x,y,-z;y+1/2,x,-z
97	F 4 2 2	F 4 2 2	F422	F 4 2	x,y,z;-y,x,z;-x,-y,z;y,-x,z;x,-y,-z;-y,-x,-z;-x,y,-z;y,x,-z;x,y+1/2,z+1/2;-y,x+1/2,z+1/2;-x,-y+1/2,z+1/2;y,-x+1/2,z+1/2;x,-y+1/2,-z+1/2;-y,-x+1/2,-z+1/2;-x,y+1/2,-z+1/2;y,x+1/2,-z+1/2;x+1/2,y,z+1/2;-y+1/2,x,z+1/2;-x+1/2,-y,z+1/2;y+1/2,-x,z+1/2;x+1/2,-y,-z+1/2;-y+1/2,-x,-z+1/2;-x+1/2,y,-z+1/2;y+1/2,x,-z+1/2;x+1/2,y+1/2,z;-y+1/2,x+1/2,z;-x+1/2,-y+1/2,z;y+1/2,-x+1/2,z;x+1/2,-y+1/2,-z;-y+1/2,-x+1/2,-z;-x+1/2,y+1/2,-z;y+1/2,x+1/2,-z
115	C -4 2 m	C -4 2 m	C-42m	C -4 2	x,y,z;y,-x,-z;-x,-y,z;-y,x,-z;x,-y,-z;y,x,z;-x,y,-z;-y,-x,z;x+1/2,y+1/2,z;y+1/2,-x+1/2,-z;-x+1/2,-y+1/2,z;-y+1/2,x+1/2,-z;x+1/2,-y+1/2,-z;y+1/2,x+1/2,z;-x+1/2,y+1/2,-z;-y+1/2,-x+1/2,z
117	C -4 2 b	C -4 2 b	C-42b	C -4 2ya	x,y,z;y,-x,-z;-x,-y,z;-y,x,-z;-x+1/2,y,-z;-y+1/2,-x,z;x+1/2,-y,-z;y+1/2,x,z;x+1/2,y+1/2,z;y+1/2,-x+1/2,-z;-x+1/2,-y+1/2,z;-y+1/2,x+1/2,-z;-x,y+1/2,-z;-y,-x+1/2,z;x,-y+1/2,-z;y,x+1/2,z
139	F 4/m m m	F 4/m m m	F4/mmm	-F 4 2	x,y,z;-y,x,z;-x,-y,z;y,-x,z;x,-y,-z;-y,-x,-z;-x,y,-z;y,x,-z;-x,-y,-z;y,-x,-z;x,y,-z;-y,x,-z;-x,y,z;y,x,z;x,-y,z;-y,-x,z;x,y+1/2,z+1/2;-y,x+1/2,z+1/2;-x,-y+1/2,z+1/2;y,-x+1/2,z+1/2;x,-y+1/2,-z+1/2;-y,-x+1/2,-z+1/2;-x,y+1/2,-z+1/2;y,x+1/2,-z+1/2;-x,-y+1/2,-z+1/2;y,-x+1/2,-z+1/2;x,y+1/2,-z+1/2;-y,x+1/2,-z+1/2;-x,y+1/2,z+1/2;y,x+1/2,z+1/2;x,-y+1/2,z+1/2;-y,-x+1/2,z+1/2;x+1/2,y,z+1/2;-y+1/2,x,z+1/2;-x+1/2,-y,z+1/2;y+1/2,-x,z+1/2;x+1/2,-y,-z+1/2;-y+1/2,-x,-z+1/2;-x+1/2,y,-z+1/2;y+1/2,x,-z+1/2;-x+1/2,-y,-z+1/2;y+1/2,-x,-z+1/2;x+1/2,y,-z+1/2;-y+1/2,x,-z+1/2;-x+1/2,y,z+1/2;y+1/2,x,z+1/2;x+1/2,-y,z+1/2;-y+1/2,-x,z+1/2;x+1/2,y+1/2,z;-y+1/2,x+1/2,z;-x+1/2,-y+1/2,z;y+1/2,-x+1/2,z;x+1/2,-y+1/2,-z;-y+1/2,-x+1/2,-z;-x+1/2,y+1/2,-z;y+1/2,x+1/2,-z;-x+1/2,-y+1/2,-z;y+1/2,-x+1/2,-z;x+1/2,y+1/2,-z;-y+1/2,x+1/2,-z;-x+1/2,y+1/2,z;y+1/2,x+1/2,z;x+1/2,-y+1/2,z;-y+1/2,-x+1/2,z
